#STARTINPUT,0,,,,,,,,,,,,,,,,,,,,,
#LOADSTART,0,,,,,,,,,,,,,,,,,,,,,
#LOADEND,1500,,,,,,,,,,,,,,,,,,,,,
#PLAYSTART,2000,,,,,,,,,,,,,,,,,,,,,
#FADEOUT,500,,,,,,,,,,,,,,,,,,,,,
#CLOSE,3000,,,,,,,,,,,,,,,,,,,,,
#IF,982,,,,,,,,,,,,,,,,,,,,,
#INCLUDE,.\LR2files\Theme\LITONE5\Play\customize\9keys\chara(POMYU)\*|1P|\OFF1P.csv,,,,,,,,,,,,,,,,,,,,,
#ENDIF,,,,,,,,,,,,,,,,,,,,,,
#IF,985,,,,,,,,,,,,,,,,,,,,,
#INCLUDE,.\LR2files\Theme\LITONE5\Play\customize\9keys\chara(POMYU)\*|2P|\OFF2P.csv,,,,,,,,,,,,,,,,,,,,,
#ENDIF,,,,,,,,,,,,,,,,,,,,,,
#IF,975,,,,,,,,,,,,,,,,,,,,,
#IMAGE,.\LR2files\Theme\LITONE5\Play\parts\9keys\background.cim,,,,,,,,,,,,,,,,,,,,,
#ENDIF,,,,,,,,,,,,,,,,,,,,,,
#IF,976,,,,,,,,,,,,,,,,,,,,,
#IMAGE,.\LR2files\Theme\LITONE5\Play\customize\common\background\*,,,,,,,,,,,,,,,,,,,,,
#ENDIF,,,,,,,,,,,,,,,,,,,,,,
#IF,977,,,,,,,,,,,,,,,,,,,,,
#IMAGE,.\LR2files\Theme\LITONE5\Play\parts\9keys\background.cim,,,,,,,,,,,,,,,,,,,,,
#ENDIF,,,,,,,,,,,,,,,,,,,,,,
#IMAGE,.\LR2files\Theme\LITONE5\Play\parts\common\dummy.cim,,,,,,,,,,,,,,,,,,,,,
#IF,981,,,,,,,,,,,,,,,,,,,,,
#IMAGE,.\LR2files\Theme\LITONE5\Play\parts\9keys\chara1p.cim,,,,,,,,,,,,,,,,,,,,,
#ENDIF,,,,,,,,,,,,,,,,,,,,,,
#IF,982,,,,,,,,,,,,,,,,,,,,,
#IMAGE,.\LR2files\Theme\LITONE5\Play\parts\9keys\chara1p.cim,,,,,,,,,,,,,,,,,,,,,
#FINISHMARGIN,5000,,,,,,,,,,,,,,,,,,,,,
#ENDIF,,,,,,,,,,,,,,,,,,,,,,
#IF,983,,,,,,,,,,,,,,,,,,,,,
#IMAGE,.\LR2files\Theme\LITONE5\Play\customize\9keys\chara\*|1P|,,,,,,,,,,,,,,,,,,,,,
#ENDIF,,,,,,,,,,,,,,,,,,,,,,
#IF,984,,,,,,,,,,,,,,,,,,,,,
#IMAGE,.\LR2files\Theme\LITONE5\Play\parts\9keys\chara2p.cim,,,,,,,,,,,,,,,,,,,,,
#ENDIF,,,,,,,,,,,,,,,,,,,,,,
#IF,985,,,,,,,,,,,,,,,,,,,,,
#IMAGE,.\LR2files\Theme\LITONE5\Play\parts\9keys\chara2p.cim,,,,,,,,,,,,,,,,,,,,,
#FINISHMARGIN,5000,,,,,,,,,,,,,,,,,,,,,
#ENDIF,,,,,,,,,,,,,,,,,,,,,,
#IF,986,,,,,,,,,,,,,,,,,,,,,
#IMAGE,.\LR2files\Theme\LITONE5\Play\customize\9keys\chara\*|2P|,,,,,,,,,,,,,,,,,,,,,
#ENDIF,,,,,,,,,,,,,,,,,,,,,,
#IMAGE,.\LR2files\Theme\LITONE5\Play\parts\common\dummy.cim,,,,,,,,,,,,,,,,,,,,,
#IMAGE,.\LR2files\Theme\LITONE5\Play\parts\9keys\chara.cim,,,,,,,,,,,,,,,,,,,,,
#IMAGE,.\LR2files\Theme\LITONE5\Play\parts\9keys\lane.cim,,,,,,,,,,,,,,,,,,,,,
#IMAGE,.\LR2files\Theme\LITONE5\Play\parts\common\dummy.cim,,,,,,,,,,,,,,,,,,,,,
#IMAGE,.\LR2files\Theme\LITONE5\Play\parts\9keys\groovegauge.cim,,,,,,,,,,,,,,,,,,,,,
#IMAGE,.\LR2files\Theme\LITONE5\Play\parts\9keys\progressbar.cim,,,,,,,,,,,,,,,,,,,,,
#IMAGE,.\LR2files\Theme\LITONE5\Play\parts\ac\judgeline.cim,,,,,,,,,,,,,,,,,,,,,
#IMAGE,.\LR2files\Theme\LITONE5\Play\parts\9keys\keybeam\*.cim,,,,,,,,,,,,,,,,,,,,,
#IMAGE,.\LR2files\Theme\LITONE5\Play\parts\9keys\pop\*.cim,,,,,,,,,,,,,,,,,,,,,
#IMAGE,.\LR2files\Theme\LITONE5\Play\parts\common\dummy.cim,,,,,,,,,,,,,,,,,,,,,
#IMAGE,.\LR2files\Theme\LITONE5\Play\parts\common\dummy.cim,,,,,,,,,,,,,,,,,,,,,
#IF,970,,,,,,,,,,,,,,,,,,,,,
#IMAGE,.\LR2files\Theme\LITONE5\Play\parts\9keys\lanecover.cim,,,,,,,,,,,,,,,,,,,,,
#ENDIF,,,,,,,,,,,,,,,,,,,,,,
#IF,971,,,,,,,,,,,,,,,,,,,,,
#IMAGE,.\LR2files\Theme\LITONE5\Play\customize\9keys\lanecover\*|sudden|,,,,,,,,,,,,,,,,,,,,,
#ENDIF,,,,,,,,,,,,,,,,,,,,,,
#IMAGE,.\LR2files\Theme\LITONE5\Play\parts\common\dummy.cim,,,,,,,,,,,,,,,,,,,,,
#IF,978,,,,,,,,,,,,,,,,,,,,,
#IMAGE,.\LR2files\Theme\LITONE5\Play\parts\common\dummy.cim,,,,,,,,,,,,,,,,,,,,,
#ENDIF,,,,,,,,,,,,,,,,,,,,,,
#IF,979,,,,,,,,,,,,,,,,,,,,,
#IMAGE,.\LR2files\Theme\LITONE5\Play\parts\9keys\lanecover.cim,,,,,,,,,,,,,,,,,,,,,
#ENDIF,,,,,,,,,,,,,,,,,,,,,,
#IF,980,,,,,,,,,,,,,,,,,,,,,
#IMAGE,.\LR2files\Theme\LITONE5\Play\customize\9keys\lanecover\*|finish|,,,,,,,,,,,,,,,,,,,,,
#ENDIF,,,,,,,,,,,,,,,,,,,,,,
#IF,950,,,,,,,,,,,,,,,,,,,,,
#IMAGE,.\LR2files\Theme\LITONE5\Play\parts\ac\bomb\1.cim,,,,,,,,,,,,,,,,,,,,,
#ENDIF,,,,,,,,,,,,,,,,,,,,,,
#IF,951,,,,,,,,,,,,,,,,,,,,,
#IMAGE,.\LR2files\Theme\LITONE5\Play\parts\ac\bomb\2.cim,,,,,,,,,,,,,,,,,,,,,
#ENDIF,,,,,,,,,,,,,,,,,,,,,,
#IF,952,,,,,,,,,,,,,,,,,,,,,
#IMAGE,.\LR2files\Theme\LITONE5\Play\parts\ac\bomb\3.cim,,,,,,,,,,,,,,,,,,,,,
#ENDIF,,,,,,,,,,,,,,,,,,,,,,
#IF,953,,,,,,,,,,,,,,,,,,,,,
#IMAGE,.\LR2files\Theme\LITONE5\Play\parts\ac\bomb\4.cim,,,,,,,,,,,,,,,,,,,,,
#ENDIF,,,,,,,,,,,,,,,,,,,,,,
#IF,954,,,,,,,,,,,,,,,,,,,,,
#IMAGE,.\LR2files\Theme\LITONE5\Play\parts\ac\bomb\5.cim,,,,,,,,,,,,,,,,,,,,,
#ENDIF,,,,,,,,,,,,,,,,,,,,,,
#IF,960,,,,,,,,,,,,,,,,,,,,,
#IMAGE,.\LR2files\Theme\LITONE5\Play\parts\ac\lnbomb\1.cim,,,,,,,,,,,,,,,,,,,,,
#ENDIF,,,,,,,,,,,,,,,,,,,,,,
#IF,961,,,,,,,,,,,,,,,,,,,,,
#IMAGE,.\LR2files\Theme\LITONE5\Play\parts\ac\lnbomb\2.cim,,,,,,,,,,,,,,,,,,,,,
#ENDIF,,,,,,,,,,,,,,,,,,,,,,
#IF,962,,,,,,,,,,,,,,,,,,,,,
#IMAGE,.\LR2files\Theme\LITONE5\Play\parts\ac\lnbomb\3.cim,,,,,,,,,,,,,,,,,,,,,
#ENDIF,,,,,,,,,,,,,,,,,,,,,,
#IMAGE,.\LR2files\Theme\LITONE5\Play\parts\9keys\judge_number.cim,,,,,,,,,,,,,,,,,,,,,
#IMAGE,.\LR2files\Theme\LITONE5\Play\parts\common\close.cim,,,,,,,,,,,,,,,,,,,,,
#IMAGE,.\LR2files\Theme\LITONE5\Play\parts\common\dummy.cim,,,,,,,,,,,,,,,,,,,,,
#IMAGE,.\LR2files\Theme\LITONE5\Play\parts\9keys\maxcombo.cim,,,,,,,,,,,,,,,,,,,,,
#IMAGE,.\LR2files\Theme\LITONE5\Play\parts\9keys\groove.cim,,,,,,,,,,,,,,,,,,,,,
#IMAGE,.\LR2files\Theme\LITONE5\Play\parts\9keys\bpm.cim,,,,,,,,,,,,,,,,,,,,,
#IMAGE,.\LR2files\Theme\LITONE5\Play\parts\9keys\judgecounter.cim,,,,,,,,,,,,,,,,,,,,,
#IMAGE,.\LR2files\Theme\LITONE5\Play\parts\9keys\hispeed.cim,,,,,,,,,,,,,,,,,,,,,
#IMAGE,.\LR2files\Theme\LITONE5\Play\parts\9keys\difficulty.cim,,,,,,,,,,,,,,,,,,,,,
#IMAGE,.\LR2files\Theme\LITONE5\Play\parts\9keys\fullcombo.cim,,,,,,,,,,,,,,,,,,,,,
#IMAGE,.\LR2files\Theme\LITONE5\Play\parts\9keys\judge.cim,,,,,,,,,,,,,,,,,,,,,
#IMAGE,.\LR2files\Theme\LITONE5\Play\parts\9keys\ghost.cim,,,,,,,,,,,,,,,,,,,,,
#IMAGE,.\LR2files\Theme\LITONE5\Play\parts\9keys\groovegauge\*.cim,,,,,,,,,,,,,,,,,,,,,
#IMAGE,.\LR2files\Theme\LITONE5\Play\parts\9keys\score.cim,,,,,,,,,,,,,,,,,,,,,
#IMAGE,.\LR2files\Theme\LITONE5\Play\parts\9keys\loading.cim,,,,,,,,,,,,,,,,,,,,,
#IMAGE,.\LR2files\Theme\LITONE5\Play\parts\9keys\ready.cim,,,,,,,,,,,,,,,,,,,,,
#IF,950,,,,,,,,,,,,,,,,,,,,,
#IMAGE,.\LR2files\Theme\LITONE5\Play\parts\9keys\goodbomb\1.cim,,,,,,,,,,,,,,,,,,,,,
#ENDIF,,,,,,,,,,,,,,,,,,,,,,
#IF,951,,,,,,,,,,,,,,,,,,,,,
#IMAGE,.\LR2files\Theme\LITONE5\Play\parts\9keys\goodbomb\2.cim,,,,,,,,,,,,,,,,,,,,,
#ENDIF,,,,,,,,,,,,,,,,,,,,,,
#IF,952,,,,,,,,,,,,,,,,,,,,,
#IMAGE,.\LR2files\Theme\LITONE5\Play\parts\9keys\goodbomb\3.cim,,,,,,,,,,,,,,,,,,,,,
#ENDIF,,,,,,,,,,,,,,,,,,,,,,
#IF,953,,,,,,,,,,,,,,,,,,,,,
#IMAGE,.\LR2files\Theme\LITONE5\Play\parts\9keys\goodbomb\4.cim,,,,,,,,,,,,,,,,,,,,,
#ENDIF,,,,,,,,,,,,,,,,,,,,,,
#IF,954,,,,,,,,,,,,,,,,,,,,,
#IMAGE,.\LR2files\Theme\LITONE5\Play\parts\9keys\goodbomb\5.cim,,,,,,,,,,,,,,,,,,,,,
#ENDIF,,,,,,,,,,,,,,,,,,,,,,
#IMAGE,.\LR2files\Theme\LITONE5\Play\parts\9keys\goodbomb\bombdummy.cim,,,,,,,,,,,,,,,,,,,,,
#IMAGE,.\LR2files\Theme\LITONE5\Play\parts\common\dummy.cim,,,,,,,,,,,,,,,,,,,,,
#IF,972,,,,,,,,,,,,,,,,,,,,,
#IMAGE,.\LR2files\Theme\LITONE5\Play\parts\9keys\lanecover_hidden.cim,,,,,,,,,,,,,,,,,,,,,
#ENDIF,,,,,,,,,,,,,,,,,,,,,,
#IF,973,,,,,,,,,,,,,,,,,,,,,
#IMAGE,.\LR2files\Theme\LITONE5\Play\customize\9keys\lanecover\*|hidden|,,,,,,,,,,,,,,,,,,,,,
#ENDIF,,,,,,,,,,,,,,,,,,,,,,
#IMAGESET,0,11,518,0,80,725,1,1,,,,,,,,,,,,,,
#IMAGESET,0,11,68,0,80,725,1,1,,,,,,,,,,,,,,
#IMAGESET,0,11,218,0,80,725,1,1,,,,,,,,,,,,,,
#IMAGESET,0,11,368,0,80,725,1,1,,,,,,,,,,,,,,
#IMAGESET,0,11,450,0,68,725,1,1,,,,,,,,,,,,,,
#IMAGESET,0,11,0,0,68,725,1,1,,,,,,,,,,,,,,
#IMAGESET,0,11,150,0,68,725,1,1,,,,,,,,,,,,,,
#IMAGESET,0,11,300,0,68,725,1,1,,,,,,,,,,,,,,
#IMAGESET,0,38,0,0,1,1,1,1,,,,,,,,,,,,,,
#IF,950,,,,,,,,,,,,,,,,,,,,,
#IMAGESET,0,18,0,0,1600,1200,4,4,,,,,,,,,,,,,,
#IMAGESET,0,36,0,0,1600,1200,4,4,,,,,,,,,,,,,,
#IMAGESET,0,37,0,0,1600,1200,4,4,,,,,,,,,,,,,,
#ENDIF,,,,,,,,,,,,,,,,,,,,,,
#IF,951,,,,,,,,,,,,,,,,,,,,,
#IMAGESET,0,18,0,0,1536,1024,6,4,,,,,,,,,,,,,,
#IMAGESET,0,36,0,0,1536,1024,6,4,,,,,,,,,,,,,,
#IMAGESET,0,37,0,0,1536,1024,6,4,,,,,,,,,,,,,,
#ENDIF,,,,,,,,,,,,,,,,,,,,,,
#IF,952,,,,,,,,,,,,,,,,,,,,,
#IMAGESET,0,18,0,0,1024,768,4,3,,,,,,,,,,,,,,
#IMAGESET,0,36,0,0,1024,768,4,3,,,,,,,,,,,,,,
#IMAGESET,0,37,0,0,1024,768,4,3,,,,,,,,,,,,,,
#ENDIF,,,,,,,,,,,,,,,,,,,,,,
#IF,953,,,,,,,,,,,,,,,,,,,,,
#IMAGESET,0,18,0,0,1024,1024,4,4,,,,,,,,,,,,,,
#IMAGESET,0,36,0,0,1024,1024,4,4,,,,,,,,,,,,,,
#IMAGESET,0,37,0,0,1024,1024,4,4,,,,,,,,,,,,,,
#ENDIF,,,,,,,,,,,,,,,,,,,,,,
#IF,954,,,,,,,,,,,,,,,,,,,,,
#IMAGESET,0,18,0,0,1280,512,5,2,,,,,,,,,,,,,,
#IMAGESET,0,36,0,0,1280,512,5,2,,,,,,,,,,,,,,
#IMAGESET,0,37,0,0,1280,512,5,2,,,,,,,,,,,,,,
#ENDIF,,,,,,,,,,,,,,,,,,,,,,
#LR2FONT,.\LR2files\Theme\LITONE5\Play\font\title_9keys\font.lr2font,,,,,,,,,,,,,,,,,,,,,
#SRC_IMAGE,0,0,0,0,1920,1080,1,1,0,0,0,0,0,,,,,,,,,
#DST_IMAGE,0,0,0,0,1920,1080,0,255,255,255,255,0,0,0,0,0,0,!1240,975,0,,
#SRC_IMAGE,0,0,1920,0,1920,1080,1,1,0,0,0,0,0,,,,,,,,,
#DST_IMAGE,0,0,0,0,1920,1080,0,255,255,255,255,0,0,0,0,0,0,1240,975,0,,
#SRC_IMAGE,0,0,0,0,1920,1080,1,1,0,0,0,0,0,,,,,,,,,
#DST_IMAGE,0,0,0,0,1920,1080,0,255,255,255,255,0,0,0,0,0,0,976,0,0,,
#SRC_IMAGE,0,0,0,0,1920,1080,1,1,0,0,0,0,0,,,,,,,,,
#DST_IMAGE,0,0,0,0,1920,1080,0,255,255,255,255,0,0,0,0,0,0,!1240,977,190,,
#SRC_IMAGE,0,0,1920,0,1920,1080,1,1,0,0,0,0,0,,,,,,,,,
#DST_IMAGE,0,0,0,0,1920,1080,0,255,255,255,255,0,0,0,0,0,0,1240,977,190,,
#STRETCH,3,,,,,,,,,,,,,,,,,,,,,
#SRC_IMAGE,0,100,0,0,-1,-1,1,1,0,0,0,0,0,,,,,,,,,
#DST_IMAGE,0,0,0,0,1920,1080,0,255,255,255,255,0,0,0,0,0,0,977,191,0,,
#STRETCH,-1,,,,,,,,,,,,,,,,,,,,,
#STRETCH,3,,,,,,,,,,,,,,,,,,,,,
#SRC_BGA,0,0,0,0,0,0,0,0,0,0,0,0,0,,,,,,,,,
#DST_BGA,0,0,0,0,1920,1080,0,255,255,255,255,0,1,0,0,0,0,41,31,171,,
#STRETCH,-1,,,,,,,,,,,,,,,,,,,,,
#SETOPTION,995,1,,,,,,,,,,,,,,,,,,,,
#SETOPTION,996,1,,,,,,,,,,,,,,,,,,,,
#INCLUDE,.\LR2files\Theme\LITONE5\Play\parts\9keys\side_graph\*|1P|\dst_option_on_1P.csv,,,,,,,,,,,,,,,,,,,,,
#INCLUDE,.\LR2files\Theme\LITONE5\Play\parts\9keys\side_graph\*|2P|\dst_option_on_2P.csv,,,,,,,,,,,,,,,,,,,,,
#IF,995,,,,,,,,,,,,,,,,,,,,,
#SRC_BGA,0,0,0,0,0,0,0,0,0,0,0,0,0,,,,,,,,,
#DST_BGA,0,0,0,400,280,280,0,255,255,255,255,0,1,0,0,0,0,41,30,171,,
#ENDIF,,,,,,,,,,,,,,,,,,,,,,
#IF,996,,,,,,,,,,,,,,,,,,,,,
#SRC_BGA,0,0,0,0,0,0,0,0,0,0,0,0,0,,,,,,,,,
#DST_BGA,0,0,1640,400,280,280,0,255,255,255,255,0,1,0,0,0,0,41,30,171,,
#ENDIF,,,,,,,,,,,,,,,,,,,,,,
#IF,41,171,,,,,,,,,,,,,,,,,,,,
#SRC_IMAGE,0,0,0,0,1920,1080,1,1,0,0,0,0,0,,,,,,,,,
#DST_IMAGE,0,0,0,0,1920,1080,0,255,255,255,255,0,0,0,0,0,0,!1240,975,80,,
#SRC_IMAGE,0,0,1920,0,1920,1080,1,1,0,0,0,0,0,,,,,,,,,
#DST_IMAGE,0,0,0,0,1920,1080,0,255,255,255,255,0,0,0,0,0,0,1240,975,80,,
#SRC_IMAGE,0,0,0,0,1920,1080,1,1,0,0,0,0,0,,,,,,,,,
#DST_IMAGE,0,0,0,0,1920,1080,0,255,255,255,255,0,0,0,0,0,0,976,0,80,,
#SRC_IMAGE,0,0,0,0,1920,1080,1,1,0,0,0,0,0,,,,,,,,,
#DST_IMAGE,0,0,0,0,1920,1080,0,255,255,255,255,0,0,0,0,-1,40,!1240,975,0,,
#DST_IMAGE,0,2000,0,0,1920,1080,0,255,255,255,255,0,0,0,0,,,,,,,
#SRC_IMAGE,0,0,1920,0,1920,1080,1,1,0,0,0,0,0,,,,,,,,,
#DST_IMAGE,0,0,0,0,1920,1080,0,255,255,255,255,0,0,0,0,-1,40,1240,975,0,,
#DST_IMAGE,0,2000,0,0,1920,1080,0,255,255,255,255,0,0,0,0,,,,,,,
#SRC_IMAGE,0,0,0,0,1920,1080,1,1,0,0,0,0,0,,,,,,,,,
#DST_IMAGE,0,0,0,0,1920,1080,0,255,255,255,255,0,0,0,0,-1,40,976,0,0,,
#DST_IMAGE,0,2000,0,0,1920,1080,0,255,255,255,255,0,0,0,0,,,,,,,
#ENDIF,,,,,,,,,,,,,,,,,,,,,,
#IF,41,171,977,,,,,,,,,,,,,,,,,,,
#SRC_IMAGE,0,0,0,0,1920,1080,1,1,0,0,0,0,0,,,,,,,,,
#DST_IMAGE,0,0,0,0,1920,1080,0,255,255,255,255,0,0,0,0,0,0,!1240,190,80,,
#SRC_IMAGE,0,0,1920,0,1920,1080,1,1,0,0,0,0,0,,,,,,,,,
#DST_IMAGE,0,0,0,0,1920,1080,0,255,255,255,255,0,0,0,0,0,0,1240,190,80,,
#SRC_IMAGE,0,100,0,0,-1,-1,1,1,0,0,0,0,0,,,,,,,,,
#DST_IMAGE,0,0,0,0,1920,1080,0,255,255,255,255,0,0,0,0,0,0,191,0,80,,
#SRC_IMAGE,0,0,0,0,1920,1080,1,1,0,0,0,0,0,,,,,,,,,
#DST_IMAGE,0,0,0,0,1920,1080,0,255,255,255,255,0,0,0,0,-1,40,!1240,190,0,,
#DST_IMAGE,0,2000,0,0,1920,1080,0,255,255,255,255,0,0,0,0,,,,,,,
#SRC_IMAGE,0,0,1920,0,1920,1080,1,1,0,0,0,0,0,,,,,,,,,
#DST_IMAGE,0,0,0,0,1920,1080,0,255,255,255,255,0,0,0,0,-1,40,1240,190,0,,
#DST_IMAGE,0,2000,0,0,1920,1080,0,255,255,255,255,0,0,0,0,,,,,,,
#SRC_IMAGE,0,100,0,0,-1,-1,1,1,0,0,0,0,0,,,,,,,,,
#DST_IMAGE,0,0,0,0,1920,1080,0,255,255,255,255,0,0,0,0,-1,40,191,0,0,,
#DST_IMAGE,0,2000,0,0,1920,1080,0,255,255,255,255,0,0,0,0,,,,,,,
#ENDIF,,,,,,,,,,,,,,,,,,,,,,
#INCLUDE,.\LR2files\Theme\LITONE5\Play\parts\9keys\side_graph\*|1P|\1P.csv,,,,,,,,,,,,,,,,,,,,,
#INCLUDE,.\LR2files\Theme\LITONE5\Play\parts\9keys\side_graph\*|2P|\2P.csv,,,,,,,,,,,,,,,,,,,,,
#IF,991,987,982,,,,,,,,,,,,,,,,,,,
#SRC_PM_CHARA_IMAGE,1,0,.\LR2files\Theme\LITONE5\Play\customize\9keys\chara(POMYU)\*|1P|,,,,,,,,,,,,,,,,,,,
#DST_PM_CHARA_IMAGE,0,0,300,275,250,531,0,255,255,255,255,1,0,0,0,0,0,0,0,0,,
#ELSEIF,991,988,982,,,,,,,,,,,,,,,,,,,
#SRC_PM_CHARA_IMAGE,2,0,.\LR2files\Theme\LITONE5\Play\customize\9keys\chara(POMYU)\*|1P|,,,,,,,,,,,,,,,,,,,
#DST_PM_CHARA_IMAGE,0,0,300,275,250,531,0,255,255,255,255,1,0,0,0,0,0,0,0,0,,
#ELSEIF,992,987,982,,,,,,,,,,,,,,,,,,,
#SRC_PM_CHARA_IMAGE,1,0,.\LR2files\Theme\LITONE5\Play\customize\9keys\chara(POMYU)\*|1P|,,,,,,,,,,,,,,,,,,,
#DST_PM_CHARA_IMAGE,0,0,300,275,250,531,0,255,255,255,255,1,0,0,0,0,0,0,0,0,,
#ELSEIF,992,988,982,,,,,,,,,,,,,,,,,,,
#SRC_PM_CHARA_IMAGE,2,0,.\LR2files\Theme\LITONE5\Play\customize\9keys\chara(POMYU)\*|1P|,,,,,,,,,,,,,,,,,,,
#DST_PM_CHARA_IMAGE,0,0,300,275,250,531,0,255,255,255,255,1,0,0,0,0,0,0,0,0,,
#ELSEIF,993,989,982,,,,,,,,,,,,,,,,,,,
#SRC_PM_CHARA_IMAGE,1,0,.\LR2files\Theme\LITONE5\Play\customize\9keys\chara(POMYU)\*|2P|,,,,,,,,,,,,,,,,,,,
#DST_PM_CHARA_IMAGE,0,0,300,275,250,531,0,255,255,255,255,1,0,0,0,0,0,0,0,0,,
#ELSEIF,993,990,982,,,,,,,,,,,,,,,,,,,
#SRC_PM_CHARA_IMAGE,2,0,.\LR2files\Theme\LITONE5\Play\customize\9keys\chara(POMYU)\*|2P|,,,,,,,,,,,,,,,,,,,
#DST_PM_CHARA_IMAGE,0,0,300,275,250,531,0,255,255,255,255,1,0,0,0,0,0,0,0,0,,
#ENDIF,,,,,,,,,,,,,,,,,,,,,,
#IF,991,989,985,,,,,,,,,,,,,,,,,,,
#SRC_PM_CHARA_IMAGE,1,0,.\LR2files\Theme\LITONE5\Play\customize\9keys\chara(POMYU)\*|2P|,,,,,,,,,,,,,,,,,,,
#DST_PM_CHARA_IMAGE,0,0,1370,275,250,531,0,255,255,255,255,1,0,0,0,0,0,0,0,0,,
#ELSEIF,991,990,985,,,,,,,,,,,,,,,,,,,
#SRC_PM_CHARA_IMAGE,2,0,.\LR2files\Theme\LITONE5\Play\customize\9keys\chara(POMYU)\*|2P|,,,,,,,,,,,,,,,,,,,
#DST_PM_CHARA_IMAGE,0,0,1370,275,250,531,0,255,255,255,255,1,0,0,0,0,0,0,0,0,,
#ELSEIF,992,987,985,,,,,,,,,,,,,,,,,,,
#SRC_PM_CHARA_IMAGE,1,0,.\LR2files\Theme\LITONE5\Play\customize\9keys\chara(POMYU)\*|1P|,,,,,,,,,,,,,,,,,,,
#DST_PM_CHARA_IMAGE,0,0,1370,275,250,531,0,255,255,255,255,1,0,0,0,0,0,0,0,0,,
#ELSEIF,992,988,985,,,,,,,,,,,,,,,,,,,
#SRC_PM_CHARA_IMAGE,2,0,.\LR2files\Theme\LITONE5\Play\customize\9keys\chara(POMYU)\*|1P|,,,,,,,,,,,,,,,,,,,
#DST_PM_CHARA_IMAGE,0,0,1370,275,250,531,0,255,255,255,255,1,0,0,0,0,0,0,0,0,,
#ELSEIF,993,989,985,,,,,,,,,,,,,,,,,,,
#SRC_PM_CHARA_IMAGE,1,0,.\LR2files\Theme\LITONE5\Play\customize\9keys\chara(POMYU)\*|2P|,,,,,,,,,,,,,,,,,,,
#DST_PM_CHARA_IMAGE,0,0,1370,275,250,531,0,255,255,255,255,1,0,0,0,0,0,0,0,0,,
#ELSEIF,993,990,985,,,,,,,,,,,,,,,,,,,
#SRC_PM_CHARA_IMAGE,2,0,.\LR2files\Theme\LITONE5\Play\customize\9keys\chara(POMYU)\*|2P|,,,,,,,,,,,,,,,,,,,
#DST_PM_CHARA_IMAGE,0,0,1370,275,250,531,0,255,255,255,255,1,0,0,0,0,0,0,0,0,,
#ENDIF,,,,,,,,,,,,,,,,,,,,,,
#SRC_IMAGE,0,5,0,0,290,776,1,1,0,0,0,0,0,,,,,,,,,
#DST_IMAGE,0,0,280,50,290,776,0,255,255,255,255,0,0,0,0,0,0,0,0,0,47,
#SRC_IMAGE,0,2,0,0,500,100,1,1,0,0,0,0,0,,,,,,,,,
#DST_IMAGE,0,0,178,120,500,100,0,255,255,255,255,0,0,0,0,0,0,981,0,0,47,
#SRC_IMAGE,0,5,0,776,250,100,1,1,0,0,0,0,0,,,,,,,,,
#DST_IMAGE,0,0,274,120,250,100,0,255,255,255,255,0,0,0,0,0,0,983,0,0,47,
#IF,987,982,,,,,,,,,,,,,,,,,,,,
#SRC_PM_CHARA_IMAGE,1,1,.\LR2files\Theme\LITONE5\Play\customize\9keys\chara(POMYU)\*|1P|,,,,,,,,,,,,,,,,,,,
#DST_PM_CHARA_IMAGE,0,0,320,146,217,48,0,255,255,255,255,1,0,0,0,0,0,0,0,0,47,
#ELSEIF,988,982,,,,,,,,,,,,,,,,,,,,
#SRC_PM_CHARA_IMAGE,2,1,.\LR2files\Theme\LITONE5\Play\customize\9keys\chara(POMYU)\*|1P|,,,,,,,,,,,,,,,,,,,
#DST_PM_CHARA_IMAGE,0,0,320,146,217,48,0,255,255,255,255,1,0,0,0,0,0,0,0,0,47,
#ENDIF,,,,,,,,,,,,,,,,,,,,,,
#SRC_IMAGE,0,2,0,100,500,570,1,1,0,0,0,0,0,,,,,,,,,
#DST_IMAGE,0,0,175,270,500,570,2,255,255,255,255,0,0,0,0,0,0,981,0,0,47,
#DST_IMAGE,0,4000,175,230,500,570,2,255,255,255,255,0,0,0,0,,,,,,,
#DST_IMAGE,0,8000,175,270,500,570,2,255,255,255,255,0,0,0,0,,,,,,,
#STRETCH,6,,,,,,,,,,,,,,,,,,,,,
#SRC_IMAGE,0,2,0,0,-1,-1,1,1,0,0,0,0,0,,,,,,,,,
#DST_IMAGE,0,0,280,316,290,500,0,255,255,255,255,0,1,0,0,0,0,983,0,0,47,
#STRETCH,-1,,,,,,,,,,,,,,,,,,,,,
#SRC_IMAGE,0,5,290,0,290,776,1,1,0,0,0,0,0,,,,,,,,,
#DST_IMAGE,0,0,1350,50,290,776,0,255,255,255,255,0,0,0,0,0,0,0,0,0,47,
#SRC_IMAGE,0,3,0,0,500,100,1,1,0,0,0,0,0,,,,,,,,,
#DST_IMAGE,0,0,1248,120,500,100,0,255,255,255,255,0,0,0,0,0,0,984,0,0,47,
#SRC_IMAGE,0,5,250,776,250,100,1,1,0,0,0,0,0,,,,,,,,,
#DST_IMAGE,0,0,1344,120,250,100,0,255,255,255,255,0,0,0,0,0,0,986,0,0,47,
#IF,989,985,,,,,,,,,,,,,,,,,,,,
#SRC_PM_CHARA_IMAGE,1,1,.\LR2files\Theme\LITONE5\Play\customize\9keys\chara(POMYU)\*|2P|,,,,,,,,,,,,,,,,,,,
#DST_PM_CHARA_IMAGE,0,0,1390,146,217,48,0,255,255,255,255,1,0,0,0,0,0,0,0,0,47,
#ELSEIF,990,985,,,,,,,,,,,,,,,,,,,,
#SRC_PM_CHARA_IMAGE,2,1,.\LR2files\Theme\LITONE5\Play\customize\9keys\chara(POMYU)\*|2P|,,,,,,,,,,,,,,,,,,,
#DST_PM_CHARA_IMAGE,0,0,1390,146,217,48,0,255,255,255,255,1,0,0,0,0,0,0,0,0,47,
#ENDIF,,,,,,,,,,,,,,,,,,,,,,
#SRC_IMAGE,0,3,0,100,500,570,1,1,0,0,0,0,0,,,,,,,,,
#DST_IMAGE,0,0,1248,270,500,570,2,255,255,255,255,0,0,0,0,1000,0,984,0,0,47,
#DST_IMAGE,0,1000,1248,270,500,570,2,255,255,255,255,0,0,0,0,,,,,,,
#DST_IMAGE,0,4000,1248,230,500,570,2,255,255,255,255,0,0,0,0,,,,,,,
#DST_IMAGE,0,9000,1248,270,500,570,2,255,255,255,255,0,0,0,0,,,,,,,
#STRETCH,6,,,,,,,,,,,,,,,,,,,,,
#SRC_IMAGE,0,3,0,0,-1,-1,1,1,0,0,0,0,0,,,,,,,,,
#DST_IMAGE,0,0,1353,316,290,500,0,255,255,255,255,0,1,0,0,0,0,986,0,0,47,
#STRETCH,-1,,,,,,,,,,,,,,,,,,,,,
#SRC_IMAGE,0,33,0,0,344,53,1,1,0,0,0,0,0,,,,,,,,,
#DST_IMAGE,0,0,220,830,344,53,0,255,255,255,255,0,0,0,0,500,0,0,0,0,47,
#SRC_NUMBER,0,33,0,55,550,71,11,1,0,0,100,0,6,,,,,,,,,
#DST_NUMBER,0,0,240,874,50,71,0,255,255,255,255,0,0,0,0,500,0,0,0,0,,
#SRC_IMAGE,0,23,0,0,344,53,1,1,0,0,0,0,0,,,,,,,,,
#DST_IMAGE,0,0,220,943,344,53,0,255,255,255,255,0,0,0,0,0,0,0,0,0,47,
#SRC_NUMBER,0,23,0,55,759,63,11,1,0,0,105,0,4,,,,,,,,,
#DST_NUMBER,0,0,255,987,69,63,0,255,255,255,255,0,0,0,0,0,0,0,0,0,,
#SRC_IMAGE,0,25,0,0,70,30,1,1,0,0,0,0,0,,,,,,,,,
#DST_IMAGE,0,0,1365,855,70,30,0,255,255,255,255,0,0,0,0,0,0,0,0,0,47,
#SRC_NUMBER,0,25,0,30,660,56,11,1,0,0,160,0,3,,,,,,,,,
#DST_NUMBER,0,0,1449,846,60,56,0,255,255,255,255,0,0,0,0,0,0,0,0,0,,
#SRC_IMAGE,0,6,702,0,32,1080,1,1,0,0,0,0,0,,,,,,,,,
#DST_IMAGE,0,0,566,0,32,1080,0,255,255,255,255,1,0,0,0,0,0,0,0,0,47,
#SRC_IMAGE,0,6,740,0,32,1080,1,1,0,0,0,0,0,,,,,,,,,
#DST_IMAGE,0,0,1322,0,32,1080,0,255,255,255,255,1,0,0,0,0,0,0,0,0,47,
#SRC_IMAGE,0,6,780,0,742,1080,1,1,0,0,0,0,0,,,,,,,,,
#DST_IMAGE,0,0,589,0,742,1080,0,255,255,255,255,0,0,0,0,0,0,0,0,0,,
#SRC_IMAGE,0,110,780,0,1,1,1,1,0,0,0,0,0,,,,,,,,,
#DST_IMAGE,0,0,609,912,702,168,0,255,255,255,255,0,0,0,0,0,0,0,0,0,,
#SRC_IMAGE,0,6,0,0,702,912,1,1,0,0,0,0,0,,,,,,,,,
#DST_IMAGE,0,0,609,0,702,912,0,255,255,255,255,1,0,0,0,0,0,0,0,0,40,
#SRC_IMAGE,0,6,0,0,702,912,1,1,0,0,0,0,0,,,,,,,,,
#DST_IMAGE,0,0,609,0,702,912,0,255,255,255,255,1,0,0,0,0,0,0,0,0,40,
#SRC_IMAGE,0,110,0,0,1,1,1,1,0,0,0,0,0,,,,,,,,,
#DST_IMAGE,0,0,609,0,702,912,0,80,255,255,255,1,0,0,0,0,0,916,0,0,40,
#SRC_IMAGE,0,110,0,0,1,1,1,1,0,0,0,0,0,,,,,,,,,
#DST_IMAGE,0,0,609,0,702,912,0,255,255,255,255,1,0,0,0,0,0,917,0,0,40,
#SRC_IMAGE,0,6,0,940,702,93,1,1,0,0,0,0,0,,,,,,,,,
#DST_IMAGE,0,0,609,824,702,93,0,255,255,255,255,0,0,0,0,0,0,0,0,0,3,47
#DST_IMAGE,0,0,609,824,702,93,0,255,255,255,255,0,0,0,0,,,,,,,
#SRC_IMAGE,0,24,0,0,258,108,1,1,0,0,0,0,0,,,,,,,,,
#DST_IMAGE,0,0,1369,954,258,108,0,255,255,255,255,0,0,0,0,0,0,0,0,0,47,
#SRC_NUMBER,0,24,0,110,500,44,10,1,0,0,107,0,3,,,,,,,,,
#DST_NUMBER,0,0,1401,990,50,44,0,255,255,255,255,0,0,0,0,0,0,935,0,0,,
#SRC_IMAGE,0,24,260,0,40,45,1,1,0,0,0,0,0,,,,,,,,,
#DST_IMAGE,0,0,1551,990,40,45,0,255,255,255,255,0,0,0,0,0,0,935,0,0,,
#SRC_IMAGE,0,24,430,0,23,34,1,1,0,0,0,0,0,,,,,,,,,
#DST_IMAGE,0,0,562,867,23,34,0,255,255,255,255,0,0,0,0,0,0,935,0,0,,
#SRC_NUMBER,0,24,0,110,500,44,10,1,0,0,107,0,3,,,,,,,,,
#DST_NUMBER,0,0,1401,990,50,44,0,255,255,255,255,0,0,0,0,0,0,936,0,0,,
#SRC_IMAGE,0,24,260,0,40,45,1,1,0,0,0,0,0,,,,,,,,,
#DST_IMAGE,0,0,1551,990,40,45,0,255,255,255,255,0,0,0,0,0,0,936,0,0,,
#SRC_IMAGE,0,24,430,0,23,34,1,1,0,0,0,0,0,,,,,,,,,
#DST_IMAGE,0,0,562,867,23,34,0,255,255,255,255,0,0,0,0,0,0,936,0,0,,
#SRC_IMAGE,0,26,0,0,176,30,1,1,0,0,0,0,0,,,,,,,,,
#DST_IMAGE,0,0,1136,1036,176,30,0,255,255,255,255,0,0,0,0,0,0,2241,0,0,47,
#SRC_IMAGE,0,26,0,30,176,30,1,1,0,0,0,0,0,,,,,,,,,
#DST_IMAGE,0,0,960,1036,176,30,0,255,255,255,255,0,0,0,0,0,0,2242,0,0,47,
#SRC_IMAGE,0,26,0,60,176,30,1,1,0,0,0,0,0,,,,,,,,,
#DST_IMAGE,0,0,784,1036,176,30,0,255,255,255,255,0,0,0,0,0,0,2243,0,0,47,
#SRC_IMAGE,0,26,0,90,176,30,1,1,0,0,0,0,0,,,,,,,,,
#DST_IMAGE,0,0,608,1036,176,30,0,255,255,255,255,0,0,0,0,0,0,2244,!2245,!2246,47,
#SRC_IMAGE,0,26,0,90,176,30,1,1,0,0,0,0,0,,,,,,,,,
#DST_IMAGE,0,0,608,1036,176,30,0,255,255,255,255,0,0,0,0,0,0,2245,!2246,0,47,
#SRC_IMAGE,0,26,0,90,176,30,1,1,0,0,0,0,0,,,,,,,,,
#DST_IMAGE,0,0,608,1036,176,30,0,255,255,255,255,0,0,0,0,0,0,2246,0,0,47,
#SRC_NUMBER,0,26,180,0,231,27,11,1,0,0,110,0,4,,,,,,,,,
#DST_NUMBER,0,0,1225,1037,21,27,0,255,255,255,255,0,0,0,0,0,0,2241,0,0,,
#SRC_NUMBER,0,26,180,27,231,27,11,1,0,0,111,0,4,,,,,,,,,
#DST_NUMBER,0,0,1049,1037,21,27,0,255,255,255,255,0,0,0,0,0,0,2242,0,0,,
#SRC_NUMBER,0,26,180,54,231,27,11,1,0,0,112,0,4,,,,,,,,,
#DST_NUMBER,0,0,873,1037,21,27,0,255,255,255,255,0,0,0,0,0,0,2243,0,0,,
#SRC_NUMBER,0,26,180,81,231,27,11,1,0,0,427,0,4,,,,,,,,,
#DST_NUMBER,0,0,697,1037,21,27,0,255,255,255,255,0,0,0,0,0,0,2244,!2245,!2246,,
#SRC_NUMBER,0,26,180,81,231,27,11,1,0,0,427,0,4,,,,,,,,,
#DST_NUMBER,0,0,697,1037,21,27,0,255,255,255,255,0,0,0,0,0,0,2245,!2246,0,,
#SRC_NUMBER,0,26,180,81,231,27,11,1,0,0,427,0,4,,,,,,,,,
#DST_NUMBER,0,0,697,1037,21,27,0,255,255,255,255,0,0,0,0,0,0,2246,0,0,,
#SRC_IMAGE,0,27,0,0,304,44,1,1,0,0,0,0,0,,,,,,,,,
#DST_IMAGE,0,0,1342,900,304,44,0,255,255,255,255,0,0,0,0,0,0,0,0,0,47,
#SRC_BUTTON,0,27,0,45,170,145,1,5,0,0,55,0,0,,,,,,,,,
#DST_BUTTON,0,0,1354,909,170,29,0,255,255,255,255,0,0,0,0,0,0,0,0,0,,
#SRC_IMAGE,0,27,310,0,20,21,1,1,0,0,0,0,0,,,,,,,,,
#DST_IMAGE,0,0,1496,913,20,21,0,255,255,255,255,0,0,0,0,0,0,0,0,0,,
#SRC_NUMBER,0,27,180,44,200,32,10,1,0,0,310,0,1,,,,,,,,,
#DST_NUMBER,0,0,1546,906,20,32,0,255,255,255,255,0,0,0,0,0,0,0,0,0,,
#SRC_IMAGE,0,27,335,0,10,10,1,1,0,0,0,0,0,,,,,,,,,
#DST_IMAGE,0,0,1566,927,10,10,0,255,255,255,255,0,0,0,0,0,0,0,0,0,,
#SRC_NUMBER,0,27,180,44,220,32,11,1,0,0,311,0,2,,,,,,,,,
#DST_NUMBER,0,0,1580,906,20,32,0,255,255,255,255,0,0,0,0,0,0,0,0,0,,
#SRC_IMAGE,0,111,0,0,1,1,1,1,0,0,0,0,0,,,,,,,,,
#DST_IMAGE,0,0,609,812,702,14,0,255,208,64,48,0,0,0,0,0,0,0,0,0,3,
#SRC_JUDGELINE,0,9,0,155,702,18,1,1,0,0,0,0,0,,,,,,,,,
#DST_JUDGELINE,0,0,609,810,702,18,0,100,255,255,255,2,0,0,0,0,0,0,0,0,3,
#DST_JUDGELINE,0,400,609,810,702,18,0,0,255,255,255,2,0,0,0,,,,,,,
#DST_JUDGELINE,0,600,609,810,702,18,0,0,255,255,255,2,0,0,0,,,,,,,
#DST_JUDGELINE,0,1000,609,810,702,18,0,255,255,255,255,2,0,0,0,,,,,,,
#DST_JUDGELINE,0,1400,609,810,702,18,0,0,255,255,255,2,0,0,0,,,,,,,
#DST_JUDGELINE,0,1600,609,810,702,18,0,0,255,255,255,2,0,0,0,,,,,,,
#DST_JUDGELINE,0,2000,609,810,702,18,0,100,255,255,255,2,0,0,0,,,,,,,
#IF,938,,,,,,,,,,,,,,,,,,,,,
#SRC_IMAGESET,0,101,501,9,0,1,2,2,3,3,0,0,8,,,,,,,,,
#DST_IMAGE,0,0,612,814,80,-725,0,255,255,255,255,0,0,0,0,0,101,0,0,0,3,
#SRC_IMAGESET,0,102,502,9,4,5,6,6,7,7,4,4,8,,,,,,,,,
#DST_IMAGE,0,0,695,814,68,-725,0,255,255,255,255,0,0,0,0,0,102,0,0,0,3,
#SRC_IMAGESET,0,103,503,9,0,1,2,2,3,3,0,0,8,,,,,,,,,
#DST_IMAGE,0,0,766,814,80,-725,0,255,255,255,255,0,0,0,0,0,103,0,0,0,3,
#SRC_IMAGESET,0,104,504,9,4,5,6,6,7,7,4,4,8,,,,,,,,,
#DST_IMAGE,0,0,849,814,68,-725,0,255,255,255,255,0,0,0,0,0,104,0,0,0,3,
#SRC_IMAGESET,0,105,505,9,0,1,2,2,3,3,0,0,8,,,,,,,,,
#DST_IMAGE,0,0,920,814,80,-725,0,255,255,255,255,0,0,0,0,0,105,0,0,0,3,
#SRC_IMAGESET,0,106,506,9,4,5,6,6,7,7,4,4,8,,,,,,,,,
#DST_IMAGE,0,0,1003,814,68,-725,0,255,255,255,255,0,0,0,0,0,106,0,0,0,3,
#SRC_IMAGESET,0,107,507,9,0,1,2,2,3,3,0,0,8,,,,,,,,,
#DST_IMAGE,0,0,1074,814,80,-725,0,255,255,255,255,0,0,0,0,0,107,0,0,0,3,
#SRC_IMAGESET,0,108,508,9,4,5,6,6,7,7,4,4,8,,,,,,,,,
#DST_IMAGE,0,0,1157,814,68,-725,0,255,255,255,255,0,0,0,0,0,108,0,0,0,3,
#SRC_IMAGESET,0,109,509,9,0,1,2,2,3,3,0,0,8,,,,,,,,,
#DST_IMAGE,0,0,1228,814,80,-725,0,255,255,255,255,0,0,0,0,0,109,0,0,0,3,
#SRC_IMAGESET,0,121,501,9,0,1,2,2,3,3,0,0,8,,,,,,,,,
#DST_IMAGE,0,0,612,814,80,-725,0,255,255,255,255,0,1,0,0,-1,121,0,0,0,3,
#DST_IMAGE,0,50,652,814,0,-725,0,255,255,255,255,0,1,0,0,,,,,,,
#SRC_IMAGESET,0,122,502,9,4,5,6,6,7,7,4,4,8,,,,,,,,,
#DST_IMAGE,0,0,695,814,68,-725,0,255,255,255,255,0,1,0,0,-1,122,0,0,0,3,
#DST_IMAGE,0,50,729,814,0,-725,0,255,255,255,255,0,1,0,0,,,,,,,
#SRC_IMAGESET,0,123,503,9,0,1,2,2,3,3,0,0,8,,,,,,,,,
#DST_IMAGE,0,0,766,814,80,-725,0,255,255,255,255,0,1,0,0,-1,123,0,0,0,3,
#DST_IMAGE,0,50,806,814,0,-725,0,255,255,255,255,0,1,0,0,,,,,,,
#SRC_IMAGESET,0,124,504,9,4,5,6,6,7,7,4,4,8,,,,,,,,,
#DST_IMAGE,0,0,849,814,68,-725,0,255,255,255,255,0,1,0,0,-1,124,0,0,0,3,
#DST_IMAGE,0,50,883,814,0,-725,0,255,255,255,255,0,1,0,0,,,,,,,
#SRC_IMAGESET,0,125,505,9,0,1,2,2,3,3,0,0,8,,,,,,,,,
#DST_IMAGE,0,0,920,814,80,-725,0,255,255,255,255,0,1,0,0,-1,125,0,0,0,3,
#DST_IMAGE,0,50,960,814,0,-725,0,255,255,255,255,0,1,0,0,,,,,,,
#SRC_IMAGESET,0,126,506,9,4,5,6,6,7,7,4,4,8,,,,,,,,,
#DST_IMAGE,0,0,1003,814,68,-725,0,255,255,255,255,0,1,0,0,-1,126,0,0,0,3,
#DST_IMAGE,0,50,1037,814,0,-725,0,255,255,255,255,0,1,0,0,,,,,,,
#SRC_IMAGESET,0,127,507,9,0,1,2,2,3,3,0,0,8,,,,,,,,,
#DST_IMAGE,0,0,1074,814,80,-725,0,255,255,255,255,0,1,0,0,-1,127,0,0,0,3,
#DST_IMAGE,0,50,1114,814,0,-725,0,255,255,255,255,0,1,0,0,,,,,,,
#SRC_IMAGESET,0,128,508,9,4,5,6,6,7,7,4,4,8,,,,,,,,,
#DST_IMAGE,0,0,1157,814,68,-725,0,255,255,255,255,0,1,0,0,-1,128,0,0,0,3,
#DST_IMAGE,0,50,1191,814,0,-725,0,255,255,255,255,0,1,0,0,,,,,,,
#SRC_IMAGESET,0,129,509,9,0,1,2,2,3,3,0,0,8,,,,,,,,,
#DST_IMAGE,0,0,1228,814,80,-725,0,255,255,255,255,0,1,0,0,-1,129,0,0,0,3,
#DST_IMAGE,0,50,1268,814,0,-725,0,255,255,255,255,0,1,0,0,,,,,,,
#ENDIF,,,,,,,,,,,,,,,,,,,,,,
#IF,939,,,,,,,,,,,,,,,,,,,,,
#SRC_IMAGESET,0,101,501,9,0,8,8,8,8,8,0,0,8,,,,,,,,,
#DST_IMAGE,0,0,612,814,80,-725,0,255,255,255,255,0,0,0,0,0,101,0,0,0,3,
#SRC_IMAGESET,0,102,502,9,4,8,8,8,8,8,4,4,8,,,,,,,,,
#DST_IMAGE,0,0,695,814,68,-725,0,255,255,255,255,0,0,0,0,0,102,0,0,0,3,
#SRC_IMAGESET,0,103,503,9,0,8,8,8,8,8,0,0,8,,,,,,,,,
#DST_IMAGE,0,0,766,814,80,-725,0,255,255,255,255,0,0,0,0,0,103,0,0,0,3,
#SRC_IMAGESET,0,104,504,9,4,8,8,8,8,8,4,4,8,,,,,,,,,
#DST_IMAGE,0,0,849,814,68,-725,0,255,255,255,255,0,0,0,0,0,104,0,0,0,3,
#SRC_IMAGESET,0,105,505,9,0,8,8,8,8,8,0,0,8,,,,,,,,,
#DST_IMAGE,0,0,920,814,80,-725,0,255,255,255,255,0,0,0,0,0,105,0,0,0,3,
#SRC_IMAGESET,0,106,506,9,4,8,8,8,8,8,4,4,8,,,,,,,,,
#DST_IMAGE,0,0,1003,814,68,-725,0,255,255,255,255,0,0,0,0,0,106,0,0,0,3,
#SRC_IMAGESET,0,107,507,9,0,8,8,8,8,8,0,0,8,,,,,,,,,
#DST_IMAGE,0,0,1074,814,80,-725,0,255,255,255,255,0,0,0,0,0,107,0,0,0,3,
#SRC_IMAGESET,0,108,508,9,4,8,8,8,8,8,4,4,8,,,,,,,,,
#DST_IMAGE,0,0,1157,814,68,-725,0,255,255,255,255,0,0,0,0,0,108,0,0,0,3,
#SRC_IMAGESET,0,109,509,9,0,8,8,8,8,8,0,0,8,,,,,,,,,
#DST_IMAGE,0,0,1228,814,80,-725,0,255,255,255,255,0,0,0,0,0,109,0,0,0,3,
#SRC_IMAGESET,0,121,501,9,0,8,8,8,8,8,0,0,8,,,,,,,,,
#DST_IMAGE,0,0,612,814,80,-725,0,255,255,255,255,0,1,0,0,-1,121,0,0,0,3,
#DST_IMAGE,0,50,652,814,0,-725,0,255,255,255,255,0,1,0,0,,,,,,,
#SRC_IMAGESET,0,122,502,9,4,8,8,8,8,8,4,4,8,,,,,,,,,
#DST_IMAGE,0,0,695,814,68,-725,0,255,255,255,255,0,1,0,0,-1,122,0,0,0,3,
#DST_IMAGE,0,50,729,814,0,-725,0,255,255,255,255,0,1,0,0,,,,,,,
#SRC_IMAGESET,0,123,503,9,0,8,8,8,8,8,0,0,8,,,,,,,,,
#DST_IMAGE,0,0,766,814,80,-725,0,255,255,255,255,0,1,0,0,-1,123,0,0,0,3,
#DST_IMAGE,0,50,806,814,0,-725,0,255,255,255,255,0,1,0,0,,,,,,,
#SRC_IMAGESET,0,124,504,9,4,8,8,8,8,8,4,4,8,,,,,,,,,
#DST_IMAGE,0,0,849,814,68,-725,0,255,255,255,255,0,1,0,0,-1,124,0,0,0,3,
#DST_IMAGE,0,50,883,814,0,-725,0,255,255,255,255,0,1,0,0,,,,,,,
#SRC_IMAGESET,0,125,505,9,0,8,8,8,8,8,0,0,8,,,,,,,,,
#DST_IMAGE,0,0,920,814,80,-725,0,255,255,255,255,0,1,0,0,-1,125,0,0,0,3,
#DST_IMAGE,0,50,960,814,0,-725,0,255,255,255,255,0,1,0,0,,,,,,,
#SRC_IMAGESET,0,126,506,9,4,8,8,8,8,8,4,4,8,,,,,,,,,
#DST_IMAGE,0,0,1003,814,68,-725,0,255,255,255,255,0,1,0,0,-1,126,0,0,0,3,
#DST_IMAGE,0,50,1037,814,0,-725,0,255,255,255,255,0,1,0,0,,,,,,,
#SRC_IMAGESET,0,127,507,9,0,8,8,8,8,8,0,0,8,,,,,,,,,
#DST_IMAGE,0,0,1074,814,80,-725,0,255,255,255,255,0,1,0,0,-1,127,0,0,0,3,
#DST_IMAGE,0,50,1114,814,0,-725,0,255,255,255,255,0,1,0,0,,,,,,,
#SRC_IMAGESET,0,128,508,9,4,8,8,8,8,8,4,4,8,,,,,,,,,
#DST_IMAGE,0,0,1157,814,68,-725,0,255,255,255,255,0,1,0,0,-1,128,0,0,0,3,
#DST_IMAGE,0,50,1191,814,0,-725,0,255,255,255,255,0,1,0,0,,,,,,,
#SRC_IMAGESET,0,129,509,9,0,8,8,8,8,8,0,0,8,,,,,,,,,
#DST_IMAGE,0,0,1228,814,80,-725,0,255,255,255,255,0,1,0,0,-1,129,0,0,0,3,
#DST_IMAGE,0,50,1268,814,0,-725,0,255,255,255,255,0,1,0,0,,,,,,,
#ENDIF,,,,,,,,,,,,,,,,,,,,,,
#IF,925,,,,,,,,,,,,,,,,,,,,,
#SRC_LINE,0,38,0,0,1,1,1,1,0,41,0,0,0,,,,,,,,,
#DST_LINE,0,0,609,817,702,4,0,255,255,255,255,0,0,0,0,0,41,81,0,0,,
#ELSEIF,926,,,,,,,,,,,,,,,,,,,,,
#SRC_LINE,0,10,0,92,513,4,1,1,0,41,0,0,0,,,,,,,,,
#DST_LINE,0,0,609,817,702,4,0,255,255,255,255,0,0,0,0,0,41,81,0,0,,
#ENDIF,,,,,,,,,,,,,,,,,,,,,,
#SRC_NOTE,1,12,0,0,80,160,1,4,1000,0,0,0,0,,,,,,,,,
#SRC_NOTE,2,12,308,0,68,160,1,4,1000,0,0,0,0,,,,,,,,,
#SRC_NOTE,3,12,80,0,80,160,1,4,1000,0,0,0,0,,,,,,,,,
#SRC_NOTE,4,12,240,0,68,160,1,4,1000,0,0,0,0,,,,,,,,,
#SRC_NOTE,5,12,160,0,80,160,1,4,1000,0,0,0,0,,,,,,,,,
#SRC_NOTE,6,12,240,0,68,160,1,4,1000,0,0,0,0,,,,,,,,,
#SRC_NOTE,7,12,80,0,80,160,1,4,1000,0,0,0,0,,,,,,,,,
#SRC_NOTE,8,12,308,0,68,160,1,4,1000,0,0,0,0,,,,,,,,,
#SRC_NOTE,9,12,0,0,80,160,1,4,1000,0,0,0,0,,,,,,,,,
#SRC_LN_END,1,12,376,40,80,40,1,1,0,0,0,0,0,,,,,,,,,
#SRC_LN_END,2,12,684,40,68,40,1,1,0,0,0,0,0,,,,,,,,,
#SRC_LN_END,3,12,456,40,80,40,1,1,0,0,0,0,0,,,,,,,,,
#SRC_LN_END,4,12,616,40,68,40,1,1,0,0,0,0,0,,,,,,,,,
#SRC_LN_END,5,12,536,40,80,40,1,1,0,0,0,0,0,,,,,,,,,
#SRC_LN_END,6,12,616,40,68,40,1,1,0,0,0,0,0,,,,,,,,,
#SRC_LN_END,7,12,456,40,80,40,1,1,0,0,0,0,0,,,,,,,,,
#SRC_LN_END,8,12,684,40,68,40,1,1,0,0,0,0,0,,,,,,,,,
#SRC_LN_END,9,12,376,40,80,40,1,1,0,0,0,0,0,,,,,,,,,
#SRC_LN_START,1,12,0,0,80,160,1,4,1000,0,0,0,0,,,,,,,,,
#SRC_LN_START,2,12,308,0,68,160,1,4,1000,0,0,0,0,,,,,,,,,
#SRC_LN_START,3,12,80,0,80,160,1,4,1000,0,0,0,0,,,,,,,,,
#SRC_LN_START,4,12,240,0,68,160,1,4,1000,0,0,0,0,,,,,,,,,
#SRC_LN_START,5,12,160,0,80,160,1,4,1000,0,0,0,0,,,,,,,,,
#SRC_LN_START,6,12,240,0,68,160,1,4,1000,0,0,0,0,,,,,,,,,
#SRC_LN_START,7,12,80,0,80,160,1,4,1000,0,0,0,0,,,,,,,,,
#SRC_LN_START,8,12,308,0,68,160,1,4,1000,0,0,0,0,,,,,,,,,
#SRC_LN_START,9,12,0,0,80,160,1,4,1000,0,0,0,0,,,,,,,,,
#SRC_LN_BODY_INACTIVE,1,12,376,0,80,1,1,1,0,0,0,0,0,,,,,,,,,
#SRC_LN_BODY_INACTIVE,2,12,684,0,68,1,1,1,0,0,0,0,0,,,,,,,,,
#SRC_LN_BODY_INACTIVE,3,12,456,0,80,1,1,1,0,0,0,0,0,,,,,,,,,
#SRC_LN_BODY_INACTIVE,4,12,616,0,68,1,1,1,0,0,0,0,0,,,,,,,,,
#SRC_LN_BODY_INACTIVE,5,12,536,0,80,1,1,1,0,0,0,0,0,,,,,,,,,
#SRC_LN_BODY_INACTIVE,6,12,616,0,68,1,1,1,0,0,0,0,0,,,,,,,,,
#SRC_LN_BODY_INACTIVE,7,12,456,0,80,1,1,1,0,0,0,0,0,,,,,,,,,
#SRC_LN_BODY_INACTIVE,8,12,684,0,68,1,1,1,0,0,0,0,0,,,,,,,,,
#SRC_LN_BODY_INACTIVE,9,12,376,0,80,1,1,1,0,0,0,0,0,,,,,,,,,
#SRC_LN_BODY_ACTIVE,1,12,376,2,80,1,1,1,0,0,0,0,0,,,,,,,,,
#SRC_LN_BODY_ACTIVE,2,12,684,2,68,1,1,1,0,0,0,0,0,,,,,,,,,
#SRC_LN_BODY_ACTIVE,3,12,456,2,80,1,1,1,0,0,0,0,0,,,,,,,,,
#SRC_LN_BODY_ACTIVE,4,12,616,2,68,1,1,1,0,0,0,0,0,,,,,,,,,
#SRC_LN_BODY_ACTIVE,5,12,536,2,80,1,1,1,0,0,0,0,0,,,,,,,,,
#SRC_LN_BODY_ACTIVE,6,12,616,2,68,1,1,1,0,0,0,0,0,,,,,,,,,
#SRC_LN_BODY_ACTIVE,7,12,456,2,80,1,1,1,0,0,0,0,0,,,,,,,,,
#SRC_LN_BODY_ACTIVE,8,12,684,2,68,1,1,1,0,0,0,0,0,,,,,,,,,
#SRC_LN_BODY_ACTIVE,9,12,376,2,80,1,1,1,0,0,0,0,0,,,,,,,,,
#SRC_MINE,1,12,0,160,80,40,1,1,0,0,0,0,0,,,,,,,,,
#SRC_MINE,2,12,308,160,68,40,1,1,0,0,0,0,0,,,,,,,,,
#SRC_MINE,3,12,80,160,80,40,1,1,0,0,0,0,0,,,,,,,,,
#SRC_MINE,4,12,240,160,68,40,1,1,0,0,0,0,0,,,,,,,,,
#SRC_MINE,5,12,160,160,80,40,1,1,0,0,0,0,0,,,,,,,,,
#SRC_MINE,6,12,240,160,68,40,1,1,0,0,0,0,0,,,,,,,,,
#SRC_MINE,7,12,80,160,80,40,1,1,0,0,0,0,0,,,,,,,,,
#SRC_MINE,8,12,308,160,68,40,1,1,0,0,0,0,0,,,,,,,,,
#SRC_MINE,9,12,0,160,80,40,1,1,0,0,0,0,0,,,,,,,,,
#DST_NOTE,1,0,612,799,80,40,0,255,255,255,255,0,0,0,0,0,0,0,0,0,,
#DST_NOTE,2,0,695,799,68,40,0,255,255,255,255,0,0,0,0,0,0,0,0,0,,
#DST_NOTE,3,0,766,799,80,40,0,255,255,255,255,0,0,0,0,0,0,0,0,0,,
#DST_NOTE,4,0,849,799,68,40,0,255,255,255,255,0,0,0,0,0,0,0,0,0,,
#DST_NOTE,5,0,920,799,80,40,0,255,255,255,255,0,0,0,0,0,0,0,0,0,,
#DST_NOTE,6,0,1003,799,68,40,0,255,255,255,255,0,0,0,0,0,0,0,0,0,,
#DST_NOTE,7,0,1074,799,80,40,0,255,255,255,255,0,0,0,0,0,0,0,0,0,,
#DST_NOTE,8,0,1157,799,68,40,0,255,255,255,255,0,0,0,0,0,0,0,0,0,,
#DST_NOTE,9,0,1228,799,80,40,0,255,255,255,255,0,0,0,0,0,0,0,0,0,,
#DST_NOTE2,919,,,,,,,,,,,,,,,,,,,,,
#SRC_IMAGE,0,32,0,0,734,124,1,1,0,0,0,0,0,,,,,,,,,
#DST_IMAGE,0,0,593,912,734,124,0,255,255,255,255,0,0,0,0,0,0,!1240,0,0,47,
#SRC_IMAGE,0,32,0,124,734,124,1,1,0,0,0,0,0,,,,,,,,,
#DST_IMAGE,0,0,593,912,734,124,0,255,255,255,255,0,0,0,0,0,0,1240,0,0,47,
#SRC_IMAGE,0,9,0,40,702,16,1,1,0,0,0,0,0,,,,,,,,,
#DST_IMAGE,0,0,609,920,702,16,0,255,255,255,255,0,0,0,0,0,0,0,0,0,47,
#SRC_BARGRAPH,0,9,0,72,702,16,1,1,0,0,1,0,0,,,,,,,,,
#DST_BARGRAPH,0,0,609,920,702,16,0,255,255,255,255,0,0,0,0,0,0,184,0,0,,
#SRC_BARGRAPH,0,9,0,88,702,16,1,1,0,0,1,0,0,,,,,,,,,
#DST_BARGRAPH,0,0,609,920,702,16,0,255,255,255,255,0,0,0,0,0,0,183,0,0,,
#SRC_BARGRAPH,0,9,0,104,702,16,1,1,0,0,1,0,0,,,,,,,,,
#DST_BARGRAPH,0,0,609,920,702,16,0,255,255,255,255,0,0,0,0,0,0,182,0,0,,
#SRC_BARGRAPH,0,9,0,120,702,16,1,1,0,0,1,0,0,,,,,,,,,
#DST_BARGRAPH,0,0,609,920,702,16,0,255,255,255,255,0,0,0,0,0,0,181,0,0,,
#SRC_BARGRAPH,0,9,0,136,702,16,1,1,0,0,1,0,0,,,,,,,,,
#DST_BARGRAPH,0,0,609,920,702,16,0,255,255,255,255,0,0,0,0,0,0,180,0,0,,
#SRC_IMAGE,0,9,40,0,60,16,1,1,0,0,0,0,0,,,,,,,,,
#DST_IMAGE,0,0,930,920,60,16,0,150,255,255,255,2,0,0,0,0,0,0,0,0,47,
#SRC_SLIDER,0,9,0,0,36,40,1,1,0,0,1,702,6,1,,,,,,,,
#DST_SLIDER,0,0,591,900,36,40,0,255,255,255,255,0,0,0,0,0,0,0,0,0,47,
#SRC_GROOVEGAUGE,0,8,0,0,116,78,4,1,0,0,14,0,24,3,0,2500,,,,,,
#DST_GROOVEGAUGE,0,0,610,945,29,78,0,255,255,255,255,0,0,0,0,0,0,42,935,0,,
#SRC_GROOVEGAUGE_EX,0,8,0,0,116,156,4,2,0,0,14,0,24,3,0,2500,,,,,,
#DST_GROOVEGAUGE,0,0,610,945,29,78,0,255,255,255,255,0,0,0,0,0,0,43,935,0,,
#IF,940,,,,,,,,,,,,,,,,,,,,,
#DST_NOTE_EXPANSION_RATE,115,112,,,,,,,,,,,,,,,,,,,,
#SRC_SLIDER,0,6,784,90,15,1,1,1,0,0,2,738,4,1,,,,,,,,
#DST_SLIDER,0,0,594,-648,15,738,0,255,255,255,255,0,0,0,0,0,0,0,0,0,,
#SRC_SLIDER,0,6,1502,90,15,1,1,1,0,0,2,738,4,1,,,,,,,,
#DST_SLIDER,0,0,1311,-648,15,738,0,255,255,255,255,0,0,0,0,0,0,0,0,0,,
#ENDIF,,,,,,,,,,,,,,,,,,,,,,
#SRC_HIDDEN,0,39,0,0,702,760,1,1,0,0,814,1,0,,,,,,,,,
#DST_HIDDEN,0,0,609,839,702,724,0,255,255,255,255,0,0,0,0,0,0,0,0,0,,
#IF,940,,,,,,,,,,,,,,,,,,,,,
#SRC_HIDDEN,0,6,784,90,15,1,1,1,0,0,814,1,0,,,,,,,,,
#DST_HIDDEN,0,0,594,839,15,724,0,255,255,255,255,0,0,0,0,0,0,0,0,0,,
#SRC_HIDDEN,0,6,1502,90,15,1,1,1,0,0,814,1,0,,,,,,,,,
#DST_HIDDEN,0,0,1311,839,15,724,0,255,255,255,255,0,0,0,0,0,0,0,0,0,,
#ENDIF,,,,,,,,,,,,,,,,,,,,,,
#SRC_SLIDER,0,15,0,0,702,760,1,1,0,0,2,738,4,1,,,,,,,,
#DST_SLIDER,0,0,609,-648,702,738,0,255,255,255,255,0,0,0,0,0,0,0,0,0,,
#SRC_NUMBER,0,31,0,35,200,32,10,1,0,0,14,0,4,,,,,,,,,
#DST_NUMBER,0,0,699,90,20,32,0,255,255,255,255,0,0,0,0,0,0,80,0,0,,
#SRC_NUMBER,0,31,0,35,200,32,10,1,0,0,14,0,4,,,,,,,,,
#DST_NUMBER,0,0,699,90,20,32,0,255,255,255,255,1,0,0,0,-1,40,!270,0,0,,
#DST_NUMBER,0,500,699,90,20,32,0,0,255,255,255,1,0,0,0,,,,,,,
#SRC_NUMBER,0,31,0,35,200,32,10,1,0,0,14,0,4,,,,,,,,,
#DST_NUMBER,0,0,699,90,20,32,0,255,255,255,255,0,0,0,0,0,40,81,270,0,,
#SRC_NUMBER,0,31,0,105,200,32,10,1,0,0,312,1,4,,,,,,,,,
#DST_NUMBER,0,0,930,90,20,32,0,255,255,255,255,0,0,0,0,0,0,80,0,0,,
#SRC_NUMBER,0,31,0,105,200,32,10,1,0,0,312,1,4,,,,,,,,,
#DST_NUMBER,0,0,930,90,20,32,0,255,255,255,255,1,0,0,0,-1,40,!270,0,0,,
#DST_NUMBER,0,500,930,90,20,32,0,0,255,255,255,1,0,0,0,,,,,,,
#SRC_NUMBER,0,31,0,105,200,32,10,1,0,0,312,1,4,,,,,,,,,
#DST_NUMBER,0,0,930,90,20,32,0,255,255,255,255,0,0,0,0,0,40,81,270,0,,
#SRC_NUMBER,0,31,0,70,200,32,10,1,0,0,313,1,4,,,,,,,,,
#DST_NUMBER,0,0,1161,90,20,32,0,255,255,255,255,0,0,0,0,0,0,80,0,0,,
#SRC_NUMBER,0,31,0,70,200,32,10,1,0,0,313,1,4,,,,,,,,,
#DST_NUMBER,0,0,1161,90,20,32,0,255,255,255,255,1,0,0,0,-1,40,!270,0,0,,
#DST_NUMBER,0,500,1161,90,20,32,0,0,255,255,255,1,0,0,0,,,,,,,
#SRC_NUMBER,0,31,0,70,200,32,10,1,0,0,313,1,4,,,,,,,,,
#DST_NUMBER,0,0,1161,90,20,32,0,255,255,255,255,0,0,0,0,0,40,81,270,0,,
#SRC_IMAGE,0,17,0,0,702,760,1,1,0,143,0,0,0,,,,,,,,,
#DST_IMAGE,0,0,609,-700,702,760,2,255,255,255,255,1,0,0,0,-1,143,979,0,0,,
#DST_IMAGE,0,500,609,60,702,760,2,255,255,255,255,1,0,0,0,,,,,,,
#DST_IMAGE,0,1700,609,60,702,760,2,255,255,255,255,1,0,0,0,,,,,,,
#DST_IMAGE,0,2000,609,60,702,760,2,0,255,255,255,1,0,0,0,,,,,,,
#SRC_IMAGE,0,17,0,0,702,760,1,1,0,143,0,0,0,,,,,,,,,
#DST_IMAGE,0,0,609,-700,702,760,2,255,255,255,255,1,0,0,0,-1,143,980,0,0,,
#DST_IMAGE,0,500,609,60,702,760,2,255,255,255,255,1,0,0,0,,,,,,,
#DST_IMAGE,0,1700,609,60,702,760,2,255,255,255,255,1,0,0,0,,,,,,,
#DST_IMAGE,0,2000,609,60,702,760,2,0,255,255,255,1,0,0,0,,,,,,,
#SRC_IMAGE,0,110,0,0,1,1,1,1,0,0,0,0,0,,,,,,,,,
#DST_IMAGE,0,0,609,0,702,90,0,255,255,255,255,0,0,0,0,0,0,0,0,0,,
#SRC_TEXT,0,0,10,1,0,,,,,,,,,,,,,,,,,
#DST_TEXT,0,0,960,36,540,36,0,255,255,255,255,0,1,0,0,0,0,0,0,0,,
#SRC_IMAGE,0,28,420,0,94,94,1,1,0,0,0,0,0,,,,,,,,,
#DST_IMAGE,0,0,1284,-5,94,94,0,255,255,255,255,0,0,0,0,0,0,150,0,0,,
#SRC_IMAGE,0,28,0,0,94,94,1,1,0,0,0,0,0,,,,,,,,,
#DST_IMAGE,0,0,1284,-5,94,94,0,255,255,255,255,0,0,0,0,0,0,151,0,0,,
#SRC_IMAGE,0,28,105,0,104,94,1,1,0,0,0,0,0,,,,,,,,,
#DST_IMAGE,0,0,1279,-5,104,94,0,255,255,255,255,0,0,0,0,0,0,152,0,0,,
#SRC_IMAGE,0,28,210,0,94,94,1,1,0,0,0,0,0,,,,,,,,,
#DST_IMAGE,0,0,1284,-5,94,94,0,255,255,255,255,0,0,0,0,0,0,153,0,0,,
#SRC_IMAGE,0,28,315,0,94,94,1,1,0,0,0,0,0,,,,,,,,,
#DST_IMAGE,0,0,1284,-5,94,94,0,255,255,255,255,0,0,0,0,0,0,154,0,0,,
#SRC_IMAGE,0,28,420,0,94,94,1,1,0,0,0,0,0,,,,,,,,,
#DST_IMAGE,0,0,1284,-5,94,94,0,255,255,255,255,0,0,0,0,0,0,155,0,0,,
#SRC_IMAGE,0,28,420,95,94,94,1,1,0,0,0,0,0,,,,,,,,,
#DST_IMAGE,0,0,552,-5,94,94,0,255,255,255,255,0,0,0,0,0,0,150,0,0,,
#SRC_IMAGE,0,28,0,95,94,94,1,1,0,0,0,0,0,,,,,,,,,
#DST_IMAGE,0,0,552,-5,94,94,0,255,255,255,255,0,0,0,0,0,0,151,0,0,,
#SRC_IMAGE,0,28,105,95,104,94,1,1,0,0,0,0,0,,,,,,,,,
#DST_IMAGE,0,0,547,-5,104,94,0,255,255,255,255,0,0,0,0,0,0,152,0,0,,
#SRC_IMAGE,0,28,210,95,94,94,1,1,0,0,0,0,0,,,,,,,,,
#DST_IMAGE,0,0,552,-5,94,94,0,255,255,255,255,0,0,0,0,0,0,153,0,0,,
#SRC_IMAGE,0,28,315,95,94,94,1,1,0,0,0,0,0,,,,,,,,,
#DST_IMAGE,0,0,552,-5,94,94,0,255,255,255,255,0,0,0,0,0,0,154,0,0,,
#SRC_IMAGE,0,28,420,95,94,94,1,1,0,0,0,0,0,,,,,,,,,
#DST_IMAGE,0,0,552,-5,94,94,0,255,255,255,255,0,0,0,0,0,0,155,0,0,,
#IF,987,982,,,,,,,,,,,,,,,,,,,,
#DST_PM_CHARA_1P,300,275,250,531,1,0,.\LR2files\Theme\LITONE5\Play\customize\9keys\chara(POMYU)\*|1P|,,,,,,,,,,,,,,,
#ELSEIF,988,982,,,,,,,,,,,,,,,,,,,,
#DST_PM_CHARA_1P,300,275,250,531,2,0,.\LR2files\Theme\LITONE5\Play\customize\9keys\chara(POMYU)\*|1P|,,,,,,,,,,,,,,,
#ENDIF,,,,,,,,,,,,,,,,,,,,,,
#IF,989,985,,,,,,,,,,,,,,,,,,,,
#DST_PM_CHARA_2P,1370,275,250,531,1,0,.\LR2files\Theme\LITONE5\Play\customize\9keys\chara(POMYU)\*|2P|,,,,,,,,,,,,,,,
#ELSEIF,990,985,,,,,,,,,,,,,,,,,,,,
#DST_PM_CHARA_2P,1370,275,250,531,2,0,.\LR2files\Theme\LITONE5\Play\customize\9keys\chara(POMYU)\*|2P|,,,,,,,,,,,,,,,
#ENDIF,,,,,,,,,,,,,,,,,,,,,,
#JUDGETIMER,2,,,,,,,,,,,,,,,,,,,,,
#IF,950,938,,,,,,,,,,,,,,,,,,,,
#SRC_IMAGESET,251,51,501,4,11,9,9,9,,,,,,,,,,,,,,
#DST_IMAGE,0,0,452,669,400,300,0,255,255,255,255,2,0,0,0,-1,51,0,0,0,3,
#DST_IMAGE,0,250,452,669,400,300,0,255,255,255,255,2,0,0,0,,,,,,,
#SRC_IMAGESET,251,52,502,4,11,9,9,9,,,,,,,,,,,,,,
#DST_IMAGE,0,0,529,669,400,300,0,255,255,255,255,2,0,0,0,-1,52,0,0,0,3,
#DST_IMAGE,0,250,529,669,400,300,0,255,255,255,255,2,0,0,0,,,,,,,
#SRC_IMAGESET,251,53,503,4,11,9,9,9,,,,,,,,,,,,,,
#DST_IMAGE,0,0,606,669,400,300,0,255,255,255,255,2,0,0,0,-1,53,0,0,0,3,
#DST_IMAGE,0,250,606,669,400,300,0,255,255,255,255,2,0,0,0,,,,,,,
#SRC_IMAGESET,251,54,504,4,11,9,9,9,,,,,,,,,,,,,,
#DST_IMAGE,0,0,683,669,400,300,0,255,255,255,255,2,0,0,0,-1,54,0,0,0,3,
#DST_IMAGE,0,250,683,669,400,300,0,255,255,255,255,2,0,0,0,,,,,,,
#SRC_IMAGESET,251,55,505,4,11,9,9,9,,,,,,,,,,,,,,
#DST_IMAGE,0,0,760,669,400,300,0,255,255,255,255,2,0,0,0,-1,55,0,0,0,3,
#DST_IMAGE,0,250,760,669,400,300,0,255,255,255,255,2,0,0,0,,,,,,,
#SRC_IMAGESET,251,56,506,4,11,9,9,9,,,,,,,,,,,,,,
#DST_IMAGE,0,0,837,669,400,300,0,255,255,255,255,2,0,0,0,-1,56,0,0,0,3,
#DST_IMAGE,0,250,837,669,400,300,0,255,255,255,255,2,0,0,0,,,,,,,
#SRC_IMAGESET,251,57,507,4,11,9,9,9,,,,,,,,,,,,,,
#DST_IMAGE,0,0,914,669,400,300,0,255,255,255,255,2,0,0,0,-1,57,0,0,0,3,
#DST_IMAGE,0,250,914,669,400,300,0,255,255,255,255,2,0,0,0,,,,,,,
#SRC_IMAGESET,251,58,508,4,11,9,9,9,,,,,,,,,,,,,,
#DST_IMAGE,0,0,991,669,400,300,0,255,255,255,255,2,0,0,0,-1,58,0,0,0,3,
#DST_IMAGE,0,250,991,669,400,300,0,255,255,255,255,2,0,0,0,,,,,,,
#SRC_IMAGESET,251,59,509,4,11,9,9,9,,,,,,,,,,,,,,
#DST_IMAGE,0,0,1068,669,400,300,0,255,255,255,255,2,0,0,0,-1,59,0,0,0,3,
#DST_IMAGE,0,250,1068,669,400,300,0,255,255,255,255,2,0,0,0,,,,,,,
#SRC_IMAGESET,251,51,501,6,11,11,11,11,10,10,,,,,,,,,,,,
#DST_IMAGE,0,0,519,719,267,200,0,255,255,255,255,2,0,0,0,-1,51,0,0,0,3,
#DST_IMAGE,0,250,519,719,267,200,0,255,255,255,255,2,0,0,0,,,,,,,
#SRC_IMAGESET,251,52,502,6,11,11,11,11,10,10,,,,,,,,,,,,
#DST_IMAGE,0,0,596,719,267,200,0,255,255,255,255,2,0,0,0,-1,52,0,0,0,3,
#DST_IMAGE,0,250,596,719,267,200,0,255,255,255,255,2,0,0,0,,,,,,,
#SRC_IMAGESET,251,53,503,6,11,11,11,11,10,10,,,,,,,,,,,,
#DST_IMAGE,0,0,673,719,267,200,0,255,255,255,255,2,0,0,0,-1,53,0,0,0,3,
#DST_IMAGE,0,250,673,719,267,200,0,255,255,255,255,2,0,0,0,,,,,,,
#SRC_IMAGESET,251,54,504,6,11,11,11,11,10,10,,,,,,,,,,,,
#DST_IMAGE,0,0,750,719,267,200,0,255,255,255,255,2,0,0,0,-1,54,0,0,0,3,
#DST_IMAGE,0,250,750,719,267,200,0,255,255,255,255,2,0,0,0,,,,,,,
#SRC_IMAGESET,251,55,505,6,11,11,11,11,10,10,,,,,,,,,,,,
#DST_IMAGE,0,0,827,719,267,200,0,255,255,255,255,2,0,0,0,-1,55,0,0,0,3,
#DST_IMAGE,0,250,827,719,267,200,0,255,255,255,255,2,0,0,0,,,,,,,
#SRC_IMAGESET,251,56,506,6,11,11,11,11,10,10,,,,,,,,,,,,
#DST_IMAGE,0,0,904,719,267,200,0,255,255,255,255,2,0,0,0,-1,56,0,0,0,3,
#DST_IMAGE,0,250,904,719,267,200,0,255,255,255,255,2,0,0,0,,,,,,,
#SRC_IMAGESET,251,57,507,6,11,11,11,11,10,10,,,,,,,,,,,,
#DST_IMAGE,0,0,981,719,267,200,0,255,255,255,255,2,0,0,0,-1,57,0,0,0,3,
#DST_IMAGE,0,250,981,719,267,200,0,255,255,255,255,2,0,0,0,,,,,,,
#SRC_IMAGESET,251,58,508,6,11,11,11,11,10,10,,,,,,,,,,,,
#DST_IMAGE,0,0,1058,719,267,200,0,255,255,255,255,2,0,0,0,-1,58,0,0,0,3,
#DST_IMAGE,0,250,1058,719,267,200,0,255,255,255,255,2,0,0,0,,,,,,,
#SRC_IMAGESET,251,59,509,6,11,11,11,11,10,10,,,,,,,,,,,,
#DST_IMAGE,0,0,1135,719,267,200,0,255,255,255,255,2,0,0,0,-1,59,0,0,0,3,
#DST_IMAGE,0,250,1135,719,267,200,0,255,255,255,255,2,0,0,0,,,,,,,
#ENDIF,,,,,,,,,,,,,,,,,,,,,,
#IF,951,938,,,,,,,,,,,,,,,,,,,,
#SRC_IMAGESET,251,51,501,4,11,9,9,9,,,,,,,,,,,,,,
#DST_IMAGE,0,0,524,691,256,256,0,255,255,255,255,2,0,0,0,-1,51,0,0,0,3,
#DST_IMAGE,0,250,524,691,256,256,0,255,255,255,255,2,0,0,0,,,,,,,
#SRC_IMAGESET,251,52,502,4,11,9,9,9,,,,,,,,,,,,,,
#DST_IMAGE,0,0,601,691,256,256,0,255,255,255,255,2,0,0,0,-1,52,0,0,0,3,
#DST_IMAGE,0,250,601,691,256,256,0,255,255,255,255,2,0,0,0,,,,,,,
#SRC_IMAGESET,251,53,503,4,11,9,9,9,,,,,,,,,,,,,,
#DST_IMAGE,0,0,678,691,256,256,0,255,255,255,255,2,0,0,0,-1,53,0,0,0,3,
#DST_IMAGE,0,250,678,691,256,256,0,255,255,255,255,2,0,0,0,,,,,,,
#SRC_IMAGESET,251,54,504,4,11,9,9,9,,,,,,,,,,,,,,
#DST_IMAGE,0,0,755,691,256,256,0,255,255,255,255,2,0,0,0,-1,54,0,0,0,3,
#DST_IMAGE,0,250,755,691,256,256,0,255,255,255,255,2,0,0,0,,,,,,,
#SRC_IMAGESET,251,55,505,4,11,9,9,9,,,,,,,,,,,,,,
#DST_IMAGE,0,0,832,691,256,256,0,255,255,255,255,2,0,0,0,-1,55,0,0,0,3,
#DST_IMAGE,0,250,832,691,256,256,0,255,255,255,255,2,0,0,0,,,,,,,
#SRC_IMAGESET,251,56,506,4,11,9,9,9,,,,,,,,,,,,,,
#DST_IMAGE,0,0,909,691,256,256,0,255,255,255,255,2,0,0,0,-1,56,0,0,0,3,
#DST_IMAGE,0,250,909,691,256,256,0,255,255,255,255,2,0,0,0,,,,,,,
#SRC_IMAGESET,251,57,507,4,11,9,9,9,,,,,,,,,,,,,,
#DST_IMAGE,0,0,986,691,256,256,0,255,255,255,255,2,0,0,0,-1,57,0,0,0,3,
#DST_IMAGE,0,250,986,691,256,256,0,255,255,255,255,2,0,0,0,,,,,,,
#SRC_IMAGESET,251,58,508,4,11,9,9,9,,,,,,,,,,,,,,
#DST_IMAGE,0,0,1063,691,256,256,0,255,255,255,255,2,0,0,0,-1,58,0,0,0,3,
#DST_IMAGE,0,250,1063,691,256,256,0,255,255,255,255,2,0,0,0,,,,,,,
#SRC_IMAGESET,251,59,509,4,11,9,9,9,,,,,,,,,,,,,,
#DST_IMAGE,0,0,1140,691,256,256,0,255,255,255,255,2,0,0,0,-1,59,0,0,0,3,
#DST_IMAGE,0,250,1140,691,256,256,0,255,255,255,255,2,0,0,0,,,,,,,
#SRC_IMAGESET,251,51,501,6,11,11,11,11,10,10,,,,,,,,,,,,
#DST_IMAGE,0,0,567,734,171,171,0,255,255,255,255,2,0,0,0,-1,51,0,0,0,3,
#DST_IMAGE,0,250,567,734,171,171,0,255,255,255,255,2,0,0,0,,,,,,,
#SRC_IMAGESET,251,52,502,6,11,11,11,11,10,10,,,,,,,,,,,,
#DST_IMAGE,0,0,644,734,171,171,0,255,255,255,255,2,0,0,0,-1,52,0,0,0,3,
#DST_IMAGE,0,250,644,734,171,171,0,255,255,255,255,2,0,0,0,,,,,,,
#SRC_IMAGESET,251,53,503,6,11,11,11,11,10,10,,,,,,,,,,,,
#DST_IMAGE,0,0,721,734,171,171,0,255,255,255,255,2,0,0,0,-1,53,0,0,0,3,
#DST_IMAGE,0,250,721,734,171,171,0,255,255,255,255,2,0,0,0,,,,,,,
#SRC_IMAGESET,251,54,504,6,11,11,11,11,10,10,,,,,,,,,,,,
#DST_IMAGE,0,0,798,734,171,171,0,255,255,255,255,2,0,0,0,-1,54,0,0,0,3,
#DST_IMAGE,0,250,798,734,171,171,0,255,255,255,255,2,0,0,0,,,,,,,
#SRC_IMAGESET,251,55,505,6,11,11,11,11,10,10,,,,,,,,,,,,
#DST_IMAGE,0,0,875,734,171,171,0,255,255,255,255,2,0,0,0,-1,55,0,0,0,3,
#DST_IMAGE,0,250,875,734,171,171,0,255,255,255,255,2,0,0,0,,,,,,,
#SRC_IMAGESET,251,56,506,6,11,11,11,11,10,10,,,,,,,,,,,,
#DST_IMAGE,0,0,952,734,171,171,0,255,255,255,255,2,0,0,0,-1,56,0,0,0,3,
#DST_IMAGE,0,250,952,734,171,171,0,255,255,255,255,2,0,0,0,,,,,,,
#SRC_IMAGESET,251,57,507,6,11,11,11,11,10,10,,,,,,,,,,,,
#DST_IMAGE,0,0,1029,734,171,171,0,255,255,255,255,2,0,0,0,-1,57,0,0,0,3,
#DST_IMAGE,0,250,1029,734,171,171,0,255,255,255,255,2,0,0,0,,,,,,,
#SRC_IMAGESET,251,58,508,6,11,11,11,11,10,10,,,,,,,,,,,,
#DST_IMAGE,0,0,1106,734,171,171,0,255,255,255,255,2,0,0,0,-1,58,0,0,0,3,
#DST_IMAGE,0,250,1106,734,171,171,0,255,255,255,255,2,0,0,0,,,,,,,
#SRC_IMAGESET,251,59,509,6,11,11,11,11,10,10,,,,,,,,,,,,
#DST_IMAGE,0,0,1183,734,171,171,0,255,255,255,255,2,0,0,0,-1,59,0,0,0,3,
#DST_IMAGE,0,250,1183,734,171,171,0,255,255,255,255,2,0,0,0,,,,,,,
#ENDIF,,,,,,,,,,,,,,,,,,,,,,
#IF,952,938,,,,,,,,,,,,,,,,,,,,
#SRC_IMAGESET,251,51,501,4,11,9,9,9,,,,,,,,,,,,,,
#DST_IMAGE,0,0,524,691,256,256,0,255,255,255,255,2,0,0,0,-1,51,0,0,0,3,
#DST_IMAGE,0,250,524,691,256,256,0,255,255,255,255,2,0,0,0,,,,,,,
#SRC_IMAGESET,251,52,502,4,11,9,9,9,,,,,,,,,,,,,,
#DST_IMAGE,0,0,601,691,256,256,0,255,255,255,255,2,0,0,0,-1,52,0,0,0,3,
#DST_IMAGE,0,250,601,691,256,256,0,255,255,255,255,2,0,0,0,,,,,,,
#SRC_IMAGESET,251,53,503,4,11,9,9,9,,,,,,,,,,,,,,
#DST_IMAGE,0,0,678,691,256,256,0,255,255,255,255,2,0,0,0,-1,53,0,0,0,3,
#DST_IMAGE,0,250,678,691,256,256,0,255,255,255,255,2,0,0,0,,,,,,,
#SRC_IMAGESET,251,54,504,4,11,9,9,9,,,,,,,,,,,,,,
#DST_IMAGE,0,0,755,691,256,256,0,255,255,255,255,2,0,0,0,-1,54,0,0,0,3,
#DST_IMAGE,0,250,755,691,256,256,0,255,255,255,255,2,0,0,0,,,,,,,
#SRC_IMAGESET,251,55,505,4,11,9,9,9,,,,,,,,,,,,,,
#DST_IMAGE,0,0,832,691,256,256,0,255,255,255,255,2,0,0,0,-1,55,0,0,0,3,
#DST_IMAGE,0,250,832,691,256,256,0,255,255,255,255,2,0,0,0,,,,,,,
#SRC_IMAGESET,251,56,506,4,11,9,9,9,,,,,,,,,,,,,,
#DST_IMAGE,0,0,909,691,256,256,0,255,255,255,255,2,0,0,0,-1,56,0,0,0,3,
#DST_IMAGE,0,250,909,691,256,256,0,255,255,255,255,2,0,0,0,,,,,,,
#SRC_IMAGESET,251,57,507,4,11,9,9,9,,,,,,,,,,,,,,
#DST_IMAGE,0,0,986,691,256,256,0,255,255,255,255,2,0,0,0,-1,57,0,0,0,3,
#DST_IMAGE,0,250,986,691,256,256,0,255,255,255,255,2,0,0,0,,,,,,,
#SRC_IMAGESET,251,58,508,4,11,9,9,9,,,,,,,,,,,,,,
#DST_IMAGE,0,0,1063,691,256,256,0,255,255,255,255,2,0,0,0,-1,58,0,0,0,3,
#DST_IMAGE,0,250,1063,691,256,256,0,255,255,255,255,2,0,0,0,,,,,,,
#SRC_IMAGESET,251,59,509,4,11,9,9,9,,,,,,,,,,,,,,
#DST_IMAGE,0,0,1140,691,256,256,0,255,255,255,255,2,0,0,0,-1,59,0,0,0,3,
#DST_IMAGE,0,250,1140,691,256,256,0,255,255,255,255,2,0,0,0,,,,,,,
#SRC_IMAGESET,251,51,501,6,11,11,11,11,10,10,,,,,,,,,,,,
#DST_IMAGE,0,0,567,734,171,171,0,255,255,255,255,2,0,0,0,-1,51,0,0,0,3,
#DST_IMAGE,0,250,567,734,171,171,0,255,255,255,255,2,0,0,0,,,,,,,
#SRC_IMAGESET,251,52,502,6,11,11,11,11,10,10,,,,,,,,,,,,
#DST_IMAGE,0,0,644,734,171,171,0,255,255,255,255,2,0,0,0,-1,52,0,0,0,3,
#DST_IMAGE,0,250,644,734,171,171,0,255,255,255,255,2,0,0,0,,,,,,,
#SRC_IMAGESET,251,53,503,6,11,11,11,11,10,10,,,,,,,,,,,,
#DST_IMAGE,0,0,721,734,171,171,0,255,255,255,255,2,0,0,0,-1,53,0,0,0,3,
#DST_IMAGE,0,250,721,734,171,171,0,255,255,255,255,2,0,0,0,,,,,,,
#SRC_IMAGESET,251,54,504,6,11,11,11,11,10,10,,,,,,,,,,,,
#DST_IMAGE,0,0,798,734,171,171,0,255,255,255,255,2,0,0,0,-1,54,0,0,0,3,
#DST_IMAGE,0,250,798,734,171,171,0,255,255,255,255,2,0,0,0,,,,,,,
#SRC_IMAGESET,251,55,505,6,11,11,11,11,10,10,,,,,,,,,,,,
#DST_IMAGE,0,0,875,734,171,171,0,255,255,255,255,2,0,0,0,-1,55,0,0,0,3,
#DST_IMAGE,0,250,875,734,171,171,0,255,255,255,255,2,0,0,0,,,,,,,
#SRC_IMAGESET,251,56,506,6,11,11,11,11,10,10,,,,,,,,,,,,
#DST_IMAGE,0,0,952,734,171,171,0,255,255,255,255,2,0,0,0,-1,56,0,0,0,3,
#DST_IMAGE,0,250,952,734,171,171,0,255,255,255,255,2,0,0,0,,,,,,,
#SRC_IMAGESET,251,57,507,6,11,11,11,11,10,10,,,,,,,,,,,,
#DST_IMAGE,0,0,1029,734,171,171,0,255,255,255,255,2,0,0,0,-1,57,0,0,0,3,
#DST_IMAGE,0,250,1029,734,171,171,0,255,255,255,255,2,0,0,0,,,,,,,
#SRC_IMAGESET,251,58,508,6,11,11,11,11,10,10,,,,,,,,,,,,
#DST_IMAGE,0,0,1106,734,171,171,0,255,255,255,255,2,0,0,0,-1,58,0,0,0,3,
#DST_IMAGE,0,250,1106,734,171,171,0,255,255,255,255,2,0,0,0,,,,,,,
#SRC_IMAGESET,251,59,509,6,11,11,11,11,10,10,,,,,,,,,,,,
#DST_IMAGE,0,0,1183,734,171,171,0,255,255,255,255,2,0,0,0,-1,59,0,0,0,3,
#DST_IMAGE,0,250,1183,734,171,171,0,255,255,255,255,2,0,0,0,,,,,,,
#ENDIF,,,,,,,,,,,,,,,,,,,,,,
#IF,953,938,,,,,,,,,,,,,,,,,,,,
#SRC_IMAGESET,251,51,501,4,11,9,9,9,,,,,,,,,,,,,,
#DST_IMAGE,0,0,524,691,256,256,0,255,255,255,255,2,0,0,0,-1,51,0,0,0,3,
#DST_IMAGE,0,250,524,691,256,256,0,255,255,255,255,2,0,0,0,,,,,,,
#SRC_IMAGESET,251,52,502,4,11,9,9,9,,,,,,,,,,,,,,
#DST_IMAGE,0,0,601,691,256,256,0,255,255,255,255,2,0,0,0,-1,52,0,0,0,3,
#DST_IMAGE,0,250,601,691,256,256,0,255,255,255,255,2,0,0,0,,,,,,,
#SRC_IMAGESET,251,53,503,4,11,9,9,9,,,,,,,,,,,,,,
#DST_IMAGE,0,0,678,691,256,256,0,255,255,255,255,2,0,0,0,-1,53,0,0,0,3,
#DST_IMAGE,0,250,678,691,256,256,0,255,255,255,255,2,0,0,0,,,,,,,
#SRC_IMAGESET,251,54,504,4,11,9,9,9,,,,,,,,,,,,,,
#DST_IMAGE,0,0,755,691,256,256,0,255,255,255,255,2,0,0,0,-1,54,0,0,0,3,
#DST_IMAGE,0,250,755,691,256,256,0,255,255,255,255,2,0,0,0,,,,,,,
#SRC_IMAGESET,251,55,505,4,11,9,9,9,,,,,,,,,,,,,,
#DST_IMAGE,0,0,832,691,256,256,0,255,255,255,255,2,0,0,0,-1,55,0,0,0,3,
#DST_IMAGE,0,250,832,691,256,256,0,255,255,255,255,2,0,0,0,,,,,,,
#SRC_IMAGESET,251,56,506,4,11,9,9,9,,,,,,,,,,,,,,
#DST_IMAGE,0,0,909,691,256,256,0,255,255,255,255,2,0,0,0,-1,56,0,0,0,3,
#DST_IMAGE,0,250,909,691,256,256,0,255,255,255,255,2,0,0,0,,,,,,,
#SRC_IMAGESET,251,57,507,4,11,9,9,9,,,,,,,,,,,,,,
#DST_IMAGE,0,0,986,691,256,256,0,255,255,255,255,2,0,0,0,-1,57,0,0,0,3,
#DST_IMAGE,0,250,986,691,256,256,0,255,255,255,255,2,0,0,0,,,,,,,
#SRC_IMAGESET,251,58,508,4,11,9,9,9,,,,,,,,,,,,,,
#DST_IMAGE,0,0,1063,691,256,256,0,255,255,255,255,2,0,0,0,-1,58,0,0,0,3,
#DST_IMAGE,0,250,1063,691,256,256,0,255,255,255,255,2,0,0,0,,,,,,,
#SRC_IMAGESET,251,59,509,4,11,9,9,9,,,,,,,,,,,,,,
#DST_IMAGE,0,0,1140,691,256,256,0,255,255,255,255,2,0,0,0,-1,59,0,0,0,3,
#DST_IMAGE,0,250,1140,691,256,256,0,255,255,255,255,2,0,0,0,,,,,,,
#SRC_IMAGESET,251,51,501,6,11,11,11,11,10,10,,,,,,,,,,,,
#DST_IMAGE,0,0,567,734,171,171,0,255,255,255,255,2,0,0,0,-1,51,0,0,0,3,
#DST_IMAGE,0,250,567,734,171,171,0,255,255,255,255,2,0,0,0,,,,,,,
#SRC_IMAGESET,251,52,502,6,11,11,11,11,10,10,,,,,,,,,,,,
#DST_IMAGE,0,0,644,734,171,171,0,255,255,255,255,2,0,0,0,-1,52,0,0,0,3,
#DST_IMAGE,0,250,644,734,171,171,0,255,255,255,255,2,0,0,0,,,,,,,
#SRC_IMAGESET,251,53,503,6,11,11,11,11,10,10,,,,,,,,,,,,
#DST_IMAGE,0,0,721,734,171,171,0,255,255,255,255,2,0,0,0,-1,53,0,0,0,3,
#DST_IMAGE,0,250,721,734,171,171,0,255,255,255,255,2,0,0,0,,,,,,,
#SRC_IMAGESET,251,54,504,6,11,11,11,11,10,10,,,,,,,,,,,,
#DST_IMAGE,0,0,798,734,171,171,0,255,255,255,255,2,0,0,0,-1,54,0,0,0,3,
#DST_IMAGE,0,250,798,734,171,171,0,255,255,255,255,2,0,0,0,,,,,,,
#SRC_IMAGESET,251,55,505,6,11,11,11,11,10,10,,,,,,,,,,,,
#DST_IMAGE,0,0,875,734,171,171,0,255,255,255,255,2,0,0,0,-1,55,0,0,0,3,
#DST_IMAGE,0,250,875,734,171,171,0,255,255,255,255,2,0,0,0,,,,,,,
#SRC_IMAGESET,251,56,506,6,11,11,11,11,10,10,,,,,,,,,,,,
#DST_IMAGE,0,0,952,734,171,171,0,255,255,255,255,2,0,0,0,-1,56,0,0,0,3,
#DST_IMAGE,0,250,952,734,171,171,0,255,255,255,255,2,0,0,0,,,,,,,
#SRC_IMAGESET,251,57,507,6,11,11,11,11,10,10,,,,,,,,,,,,
#DST_IMAGE,0,0,1029,734,171,171,0,255,255,255,255,2,0,0,0,-1,57,0,0,0,3,
#DST_IMAGE,0,250,1029,734,171,171,0,255,255,255,255,2,0,0,0,,,,,,,
#SRC_IMAGESET,251,58,508,6,11,11,11,11,10,10,,,,,,,,,,,,
#DST_IMAGE,0,0,1106,734,171,171,0,255,255,255,255,2,0,0,0,-1,58,0,0,0,3,
#DST_IMAGE,0,250,1106,734,171,171,0,255,255,255,255,2,0,0,0,,,,,,,
#SRC_IMAGESET,251,59,509,6,11,11,11,11,10,10,,,,,,,,,,,,
#DST_IMAGE,0,0,1183,734,171,171,0,255,255,255,255,2,0,0,0,-1,59,0,0,0,3,
#DST_IMAGE,0,250,1183,734,171,171,0,255,255,255,255,2,0,0,0,,,,,,,
#ENDIF,,,,,,,,,,,,,,,,,,,,,,
#IF,954,938,,,,,,,,,,,,,,,,,,,,
#SRC_IMAGESET,251,51,501,4,11,9,9,9,,,,,,,,,,,,,,
#DST_IMAGE,0,0,524,691,256,256,0,255,255,255,255,2,0,0,0,-1,51,0,0,0,3,
#DST_IMAGE,0,250,524,691,256,256,0,255,255,255,255,2,0,0,0,,,,,,,
#SRC_IMAGESET,251,52,502,4,11,9,9,9,,,,,,,,,,,,,,
#DST_IMAGE,0,0,601,691,256,256,0,255,255,255,255,2,0,0,0,-1,52,0,0,0,3,
#DST_IMAGE,0,250,601,691,256,256,0,255,255,255,255,2,0,0,0,,,,,,,
#SRC_IMAGESET,251,53,503,4,11,9,9,9,,,,,,,,,,,,,,
#DST_IMAGE,0,0,678,691,256,256,0,255,255,255,255,2,0,0,0,-1,53,0,0,0,3,
#DST_IMAGE,0,250,678,691,256,256,0,255,255,255,255,2,0,0,0,,,,,,,
#SRC_IMAGESET,251,54,504,4,11,9,9,9,,,,,,,,,,,,,,
#DST_IMAGE,0,0,755,691,256,256,0,255,255,255,255,2,0,0,0,-1,54,0,0,0,3,
#DST_IMAGE,0,250,755,691,256,256,0,255,255,255,255,2,0,0,0,,,,,,,
#SRC_IMAGESET,251,55,505,4,11,9,9,9,,,,,,,,,,,,,,
#DST_IMAGE,0,0,832,691,256,256,0,255,255,255,255,2,0,0,0,-1,55,0,0,0,3,
#DST_IMAGE,0,250,832,691,256,256,0,255,255,255,255,2,0,0,0,,,,,,,
#SRC_IMAGESET,251,56,506,4,11,9,9,9,,,,,,,,,,,,,,
#DST_IMAGE,0,0,909,691,256,256,0,255,255,255,255,2,0,0,0,-1,56,0,0,0,3,
#DST_IMAGE,0,250,909,691,256,256,0,255,255,255,255,2,0,0,0,,,,,,,
#SRC_IMAGESET,251,57,507,4,11,9,9,9,,,,,,,,,,,,,,
#DST_IMAGE,0,0,986,691,256,256,0,255,255,255,255,2,0,0,0,-1,57,0,0,0,3,
#DST_IMAGE,0,250,986,691,256,256,0,255,255,255,255,2,0,0,0,,,,,,,
#SRC_IMAGESET,251,58,508,4,11,9,9,9,,,,,,,,,,,,,,
#DST_IMAGE,0,0,1063,691,256,256,0,255,255,255,255,2,0,0,0,-1,58,0,0,0,3,
#DST_IMAGE,0,250,1063,691,256,256,0,255,255,255,255,2,0,0,0,,,,,,,
#SRC_IMAGESET,251,59,509,4,11,9,9,9,,,,,,,,,,,,,,
#DST_IMAGE,0,0,1140,691,256,256,0,255,255,255,255,2,0,0,0,-1,59,0,0,0,3,
#DST_IMAGE,0,250,1140,691,256,256,0,255,255,255,255,2,0,0,0,,,,,,,
#SRC_IMAGESET,251,51,501,6,11,11,11,11,10,10,,,,,,,,,,,,
#DST_IMAGE,0,0,567,734,171,171,0,255,255,255,255,2,0,0,0,-1,51,0,0,0,3,
#DST_IMAGE,0,250,567,734,171,171,0,255,255,255,255,2,0,0,0,,,,,,,
#SRC_IMAGESET,251,52,502,6,11,11,11,11,10,10,,,,,,,,,,,,
#DST_IMAGE,0,0,644,734,171,171,0,255,255,255,255,2,0,0,0,-1,52,0,0,0,3,
#DST_IMAGE,0,250,644,734,171,171,0,255,255,255,255,2,0,0,0,,,,,,,
#SRC_IMAGESET,251,53,503,6,11,11,11,11,10,10,,,,,,,,,,,,
#DST_IMAGE,0,0,721,734,171,171,0,255,255,255,255,2,0,0,0,-1,53,0,0,0,3,
#DST_IMAGE,0,250,721,734,171,171,0,255,255,255,255,2,0,0,0,,,,,,,
#SRC_IMAGESET,251,54,504,6,11,11,11,11,10,10,,,,,,,,,,,,
#DST_IMAGE,0,0,798,734,171,171,0,255,255,255,255,2,0,0,0,-1,54,0,0,0,3,
#DST_IMAGE,0,250,798,734,171,171,0,255,255,255,255,2,0,0,0,,,,,,,
#SRC_IMAGESET,251,55,505,6,11,11,11,11,10,10,,,,,,,,,,,,
#DST_IMAGE,0,0,875,734,171,171,0,255,255,255,255,2,0,0,0,-1,55,0,0,0,3,
#DST_IMAGE,0,250,875,734,171,171,0,255,255,255,255,2,0,0,0,,,,,,,
#SRC_IMAGESET,251,56,506,6,11,11,11,11,10,10,,,,,,,,,,,,
#DST_IMAGE,0,0,952,734,171,171,0,255,255,255,255,2,0,0,0,-1,56,0,0,0,3,
#DST_IMAGE,0,250,952,734,171,171,0,255,255,255,255,2,0,0,0,,,,,,,
#SRC_IMAGESET,251,57,507,6,11,11,11,11,10,10,,,,,,,,,,,,
#DST_IMAGE,0,0,1029,734,171,171,0,255,255,255,255,2,0,0,0,-1,57,0,0,0,3,
#DST_IMAGE,0,250,1029,734,171,171,0,255,255,255,255,2,0,0,0,,,,,,,
#SRC_IMAGESET,251,58,508,6,11,11,11,11,10,10,,,,,,,,,,,,
#DST_IMAGE,0,0,1106,734,171,171,0,255,255,255,255,2,0,0,0,-1,58,0,0,0,3,
#DST_IMAGE,0,250,1106,734,171,171,0,255,255,255,255,2,0,0,0,,,,,,,
#SRC_IMAGESET,251,59,509,6,11,11,11,11,10,10,,,,,,,,,,,,
#DST_IMAGE,0,0,1183,734,171,171,0,255,255,255,255,2,0,0,0,-1,59,0,0,0,3,
#DST_IMAGE,0,250,1183,734,171,171,0,255,255,255,255,2,0,0,0,,,,,,,
#ENDIF,,,,,,,,,,,,,,,,,,,,,,
#IF,960,938,,,,,,,,,,,,,,,,,,,,
#SRC_IMAGE,0,19,0,0,1024,768,4,3,250,71,0,0,0,,,,,,,,,
#DST_IMAGE,0,0,524,691,256,256,0,255,255,255,255,2,0,0,0,0,71,0,0,0,3,
#SRC_IMAGE,0,19,0,0,1024,768,4,3,250,72,0,0,0,,,,,,,,,
#DST_IMAGE,0,0,601,691,256,256,0,255,255,255,255,2,0,0,0,0,72,0,0,0,3,
#SRC_IMAGE,0,19,0,0,1024,768,4,3,250,73,0,0,0,,,,,,,,,
#DST_IMAGE,0,0,678,691,256,256,0,255,255,255,255,2,0,0,0,0,73,0,0,0,3,
#SRC_IMAGE,0,19,0,0,1024,768,4,3,250,74,0,0,0,,,,,,,,,
#DST_IMAGE,0,0,755,691,256,256,0,255,255,255,255,2,0,0,0,0,74,0,0,0,3,
#SRC_IMAGE,0,19,0,0,1024,768,4,3,250,75,0,0,0,,,,,,,,,
#DST_IMAGE,0,0,832,691,256,256,0,255,255,255,255,2,0,0,0,0,75,0,0,0,3,
#SRC_IMAGE,0,19,0,0,1024,768,4,3,250,76,0,0,0,,,,,,,,,
#DST_IMAGE,0,0,909,691,256,256,0,255,255,255,255,2,0,0,0,0,76,0,0,0,3,
#SRC_IMAGE,0,19,0,0,1024,768,4,3,250,77,0,0,0,,,,,,,,,
#DST_IMAGE,0,0,986,691,256,256,0,255,255,255,255,2,0,0,0,0,77,0,0,0,3,
#SRC_IMAGE,0,19,0,0,1024,768,4,3,250,78,0,0,0,,,,,,,,,
#DST_IMAGE,0,0,1063,691,256,256,0,255,255,255,255,2,0,0,0,0,78,0,0,0,3,
#SRC_IMAGE,0,19,0,0,1024,768,4,3,250,79,0,0,0,,,,,,,,,
#DST_IMAGE,0,0,1140,691,256,256,0,255,255,255,255,2,0,0,0,0,79,0,0,0,3,
#ENDIF,,,,,,,,,,,,,,,,,,,,,,
#IF,961,938,,,,,,,,,,,,,,,,,,,,
#SRC_IMAGE,0,19,0,0,1280,768,5,3,250,71,0,0,0,,,,,,,,,
#DST_IMAGE,0,0,524,691,256,256,0,255,255,255,255,2,0,0,0,0,71,0,0,0,3,
#SRC_IMAGE,0,19,0,0,1280,768,5,3,250,72,0,0,0,,,,,,,,,
#DST_IMAGE,0,0,601,691,256,256,0,255,255,255,255,2,0,0,0,0,72,0,0,0,3,
#SRC_IMAGE,0,19,0,0,1280,768,5,3,250,73,0,0,0,,,,,,,,,
#DST_IMAGE,0,0,678,691,256,256,0,255,255,255,255,2,0,0,0,0,73,0,0,0,3,
#SRC_IMAGE,0,19,0,0,1280,768,5,3,250,74,0,0,0,,,,,,,,,
#DST_IMAGE,0,0,755,691,256,256,0,255,255,255,255,2,0,0,0,0,74,0,0,0,3,
#SRC_IMAGE,0,19,0,0,1280,768,5,3,250,75,0,0,0,,,,,,,,,
#DST_IMAGE,0,0,832,691,256,256,0,255,255,255,255,2,0,0,0,0,75,0,0,0,3,
#SRC_IMAGE,0,19,0,0,1280,768,5,3,250,76,0,0,0,,,,,,,,,
#DST_IMAGE,0,0,909,691,256,256,0,255,255,255,255,2,0,0,0,0,76,0,0,0,3,
#SRC_IMAGE,0,19,0,0,1280,768,5,3,250,77,0,0,0,,,,,,,,,
#DST_IMAGE,0,0,986,691,256,256,0,255,255,255,255,2,0,0,0,0,77,0,0,0,3,
#SRC_IMAGE,0,19,0,0,1280,768,5,3,250,78,0,0,0,,,,,,,,,
#DST_IMAGE,0,0,1063,691,256,256,0,255,255,255,255,2,0,0,0,0,78,0,0,0,3,
#SRC_IMAGE,0,19,0,0,1280,768,5,3,250,79,0,0,0,,,,,,,,,
#DST_IMAGE,0,0,1140,691,256,256,0,255,255,255,255,2,0,0,0,0,79,0,0,0,3,
#ENDIF,,,,,,,,,,,,,,,,,,,,,,
#IF,962,938,,,,,,,,,,,,,,,,,,,,
#SRC_IMAGE,0,19,0,0,1536,1280,6,5,250,71,0,0,0,,,,,,,,,
#DST_IMAGE,0,0,524,691,256,256,0,255,255,255,255,2,0,0,0,0,71,0,0,0,3,
#SRC_IMAGE,0,19,0,0,1536,1280,6,5,250,72,0,0,0,,,,,,,,,
#DST_IMAGE,0,0,601,691,256,256,0,255,255,255,255,2,0,0,0,0,72,0,0,0,3,
#SRC_IMAGE,0,19,0,0,1536,1280,6,5,250,73,0,0,0,,,,,,,,,
#DST_IMAGE,0,0,678,691,256,256,0,255,255,255,255,2,0,0,0,0,73,0,0,0,3,
#SRC_IMAGE,0,19,0,0,1536,1280,6,5,250,74,0,0,0,,,,,,,,,
#DST_IMAGE,0,0,755,691,256,256,0,255,255,255,255,2,0,0,0,0,74,0,0,0,3,
#SRC_IMAGE,0,19,0,0,1536,1280,6,5,250,75,0,0,0,,,,,,,,,
#DST_IMAGE,0,0,832,691,256,256,0,255,255,255,255,2,0,0,0,0,75,0,0,0,3,
#SRC_IMAGE,0,19,0,0,1536,1280,6,5,250,76,0,0,0,,,,,,,,,
#DST_IMAGE,0,0,909,691,256,256,0,255,255,255,255,2,0,0,0,0,76,0,0,0,3,
#SRC_IMAGE,0,19,0,0,1536,1280,6,5,250,77,0,0,0,,,,,,,,,
#DST_IMAGE,0,0,986,691,256,256,0,255,255,255,255,2,0,0,0,0,77,0,0,0,3,
#SRC_IMAGE,0,19,0,0,1536,1280,6,5,250,78,0,0,0,,,,,,,,,
#DST_IMAGE,0,0,1063,691,256,256,0,255,255,255,255,2,0,0,0,0,78,0,0,0,3,
#SRC_IMAGE,0,19,0,0,1536,1280,6,5,250,79,0,0,0,,,,,,,,,
#DST_IMAGE,0,0,1140,691,256,256,0,255,255,255,255,2,0,0,0,0,79,0,0,0,3,
#ENDIF,,,,,,,,,,,,,,,,,,,,,,
#IF,938,,,,,,,,,,,,,,,,,,,,,
#SRC_NOWJUDGE_1P,0,30,0,215,231,43,1,1,0,46,1,0,0,,,,,,,,,
#DST_NOWJUDGE_1P,0,0,612,624,231,43,0,255,255,255,255,1,0,0,0,-1,46,0,0,0,,
#DST_NOWJUDGE_1P,0,100,612,624,231,43,0,255,255,255,255,1,0,0,0,,,,,,,
#DST_NOWJUDGE_1P,0,250,612,624,231,43,0,0,255,255,255,1,0,0,0,,,,,,,
#SRC_NOWJUDGE_1P,1,30,0,215,231,43,1,1,0,46,1,0,0,,,,,,,,,
#DST_NOWJUDGE_1P,1,0,612,624,231,43,0,255,255,255,255,1,0,0,0,-1,46,0,0,0,,
#DST_NOWJUDGE_1P,1,100,612,624,231,43,0,255,255,255,255,1,0,0,0,,,,,,,
#DST_NOWJUDGE_1P,1,250,612,624,231,43,0,0,255,255,255,1,0,0,0,,,,,,,
#SRC_NOWJUDGE_1P,2,30,0,172,231,43,1,1,0,46,1,0,0,,,,,,,,,
#DST_NOWJUDGE_1P,2,0,612,624,231,43,0,255,255,255,255,1,0,0,0,-1,46,0,0,0,,
#DST_NOWJUDGE_1P,2,100,612,624,231,43,0,255,255,255,255,1,0,0,0,,,,,,,
#DST_NOWJUDGE_1P,2,250,612,624,231,43,0,0,255,255,255,1,0,0,0,,,,,,,
#SRC_NOWJUDGE_1P,3,30,0,129,231,43,1,1,0,46,1,0,0,,,,,,,,,
#DST_NOWJUDGE_1P,3,0,612,624,231,43,0,255,255,255,255,1,0,0,0,-1,46,0,0,0,,
#DST_NOWJUDGE_1P,3,100,612,624,231,43,0,255,255,255,255,1,0,0,0,,,,,,,
#DST_NOWJUDGE_1P,3,250,612,624,231,43,0,0,255,255,255,1,0,0,0,,,,,,,
#SRC_NOWJUDGE_1P,4,30,0,86,231,43,1,1,0,46,1,0,0,,,,,,,,,
#DST_NOWJUDGE_1P,4,0,612,624,231,43,0,255,255,255,255,1,0,0,0,-1,46,0,0,0,,
#DST_NOWJUDGE_1P,4,100,612,624,231,43,0,255,255,255,255,1,0,0,0,,,,,,,
#DST_NOWJUDGE_1P,4,250,612,624,231,43,0,0,255,255,255,1,0,0,0,,,,,,,
#SRC_NOWJUDGE_1P,5,30,0,43,231,43,1,1,0,46,1,0,0,,,,,,,,,
#DST_NOWJUDGE_1P,5,0,612,624,231,43,0,255,255,255,255,1,0,0,0,-1,46,0,0,0,,
#DST_NOWJUDGE_1P,5,100,612,624,231,43,0,255,255,255,255,1,0,0,0,,,,,,,
#DST_NOWJUDGE_1P,5,250,612,624,231,43,0,0,255,255,255,1,0,0,0,,,,,,,
#SRC_NOWJUDGE_1P,6,30,0,0,231,43,1,1,0,46,1,0,0,,,,,,,,,
#DST_NOWJUDGE_1P,6,0,612,624,231,43,0,255,255,255,255,1,0,0,0,-1,46,0,0,0,,
#DST_NOWJUDGE_1P,6,100,612,624,231,43,0,255,255,255,255,1,0,0,0,,,,,,,
#DST_NOWJUDGE_1P,6,250,612,624,231,43,0,0,255,255,255,1,0,0,0,,,,,,,
#SRC_NOWJUDGE_2P,0,30,0,215,231,43,1,1,0,47,1,0,0,,,,,,,,,
#DST_NOWJUDGE_2P,0,0,844,624,231,43,0,255,255,255,255,1,0,0,0,-1,47,0,0,0,,
#DST_NOWJUDGE_2P,0,100,844,624,231,43,0,255,255,255,255,1,0,0,0,,,,,,,
#DST_NOWJUDGE_2P,0,250,844,624,231,43,0,0,255,255,255,1,0,0,0,,,,,,,
#SRC_NOWJUDGE_2P,1,30,0,215,231,43,1,1,0,47,1,0,0,,,,,,,,,
#DST_NOWJUDGE_2P,1,0,844,624,231,43,0,255,255,255,255,1,0,0,0,-1,47,0,0,0,,
#DST_NOWJUDGE_2P,1,100,844,624,231,43,0,255,255,255,255,1,0,0,0,,,,,,,
#DST_NOWJUDGE_2P,1,250,844,624,231,43,0,0,255,255,255,1,0,0,0,,,,,,,
#SRC_NOWJUDGE_2P,2,30,0,172,231,43,1,1,0,47,1,0,0,,,,,,,,,
#DST_NOWJUDGE_2P,2,0,844,624,231,43,0,255,255,255,255,1,0,0,0,-1,47,0,0,0,,
#DST_NOWJUDGE_2P,2,100,844,624,231,43,0,255,255,255,255,1,0,0,0,,,,,,,
#DST_NOWJUDGE_2P,2,250,844,624,231,43,0,0,255,255,255,1,0,0,0,,,,,,,
#SRC_NOWJUDGE_2P,3,30,0,129,231,43,1,1,0,47,1,0,0,,,,,,,,,
#DST_NOWJUDGE_2P,3,0,844,624,231,43,0,255,255,255,255,1,0,0,0,-1,47,0,0,0,,
#DST_NOWJUDGE_2P,3,100,844,624,231,43,0,255,255,255,255,1,0,0,0,,,,,,,
#DST_NOWJUDGE_2P,3,250,844,624,231,43,0,0,255,255,255,1,0,0,0,,,,,,,
#SRC_NOWJUDGE_2P,4,30,0,86,231,43,1,1,0,47,1,0,0,,,,,,,,,
#DST_NOWJUDGE_2P,4,0,844,624,231,43,0,255,255,255,255,1,0,0,0,-1,47,0,0,0,,
#DST_NOWJUDGE_2P,4,100,844,624,231,43,0,255,255,255,255,1,0,0,0,,,,,,,
#DST_NOWJUDGE_2P,4,250,844,624,231,43,0,0,255,255,255,1,0,0,0,,,,,,,
#SRC_NOWJUDGE_2P,5,30,0,43,231,43,1,1,0,47,1,0,0,,,,,,,,,
#DST_NOWJUDGE_2P,5,0,844,624,231,43,0,255,255,255,255,1,0,0,0,-1,47,0,0,0,,
#DST_NOWJUDGE_2P,5,100,844,624,231,43,0,255,255,255,255,1,0,0,0,,,,,,,
#DST_NOWJUDGE_2P,5,250,844,624,231,43,0,0,255,255,255,1,0,0,0,,,,,,,
#SRC_NOWJUDGE_2P,6,30,0,0,231,43,1,1,0,47,1,0,0,,,,,,,,,
#DST_NOWJUDGE_2P,6,0,844,624,231,43,0,255,255,255,255,1,0,0,0,-1,47,0,0,0,,
#DST_NOWJUDGE_2P,6,100,844,624,231,43,0,255,255,255,255,1,0,0,0,,,,,,,
#DST_NOWJUDGE_2P,6,250,844,624,231,43,0,0,255,255,255,1,0,0,0,,,,,,,
#SRC_NOWJUDGE_3P,0,30,0,215,231,43,1,1,0,247,1,0,0,,,,,,,,,
#DST_NOWJUDGE_3P,0,0,1075,624,231,43,0,255,255,255,255,1,0,0,0,-1,247,0,0,0,,
#DST_NOWJUDGE_3P,0,100,1075,624,231,43,0,255,255,255,255,1,0,0,0,,,,,,,
#DST_NOWJUDGE_3P,0,250,1075,624,231,43,0,0,255,255,255,1,0,0,0,,,,,,,
#SRC_NOWJUDGE_3P,1,30,0,215,231,43,1,1,0,247,1,0,0,,,,,,,,,
#DST_NOWJUDGE_3P,1,0,1075,624,231,43,0,255,255,255,255,1,0,0,0,-1,247,0,0,0,,
#DST_NOWJUDGE_3P,1,100,1075,624,231,43,0,255,255,255,255,1,0,0,0,,,,,,,
#DST_NOWJUDGE_3P,1,250,1075,624,231,43,0,0,255,255,255,1,0,0,0,,,,,,,
#SRC_NOWJUDGE_3P,2,30,0,172,231,43,1,1,0,247,1,0,0,,,,,,,,,
#DST_NOWJUDGE_3P,2,0,1075,624,231,43,0,255,255,255,255,1,0,0,0,-1,247,0,0,0,,
#DST_NOWJUDGE_3P,2,100,1075,624,231,43,0,255,255,255,255,1,0,0,0,,,,,,,
#DST_NOWJUDGE_3P,2,250,1075,624,231,43,0,0,255,255,255,1,0,0,0,,,,,,,
#SRC_NOWJUDGE_3P,3,30,0,129,231,43,1,1,0,247,1,0,0,,,,,,,,,
#DST_NOWJUDGE_3P,3,0,1075,624,231,43,0,255,255,255,255,1,0,0,0,-1,247,0,0,0,,
#DST_NOWJUDGE_3P,3,100,1075,624,231,43,0,255,255,255,255,1,0,0,0,,,,,,,
#DST_NOWJUDGE_3P,3,250,1075,624,231,43,0,0,255,255,255,1,0,0,0,,,,,,,
#SRC_NOWJUDGE_3P,4,30,0,86,231,43,1,1,0,247,1,0,0,,,,,,,,,
#DST_NOWJUDGE_3P,4,0,1075,624,231,43,0,255,255,255,255,1,0,0,0,-1,247,0,0,0,,
#DST_NOWJUDGE_3P,4,100,1075,624,231,43,0,255,255,255,255,1,0,0,0,,,,,,,
#DST_NOWJUDGE_3P,4,250,1075,624,231,43,0,0,255,255,255,1,0,0,0,,,,,,,
#SRC_NOWJUDGE_3P,5,30,0,43,231,43,1,1,0,247,1,0,0,,,,,,,,,
#DST_NOWJUDGE_3P,5,0,1075,624,231,43,0,255,255,255,255,1,0,0,0,-1,247,0,0,0,,
#DST_NOWJUDGE_3P,5,100,1075,624,231,43,0,255,255,255,255,1,0,0,0,,,,,,,
#DST_NOWJUDGE_3P,5,250,1075,624,231,43,0,0,255,255,255,1,0,0,0,,,,,,,
#SRC_NOWJUDGE_3P,6,30,0,0,231,43,1,1,0,247,1,0,0,,,,,,,,,
#DST_NOWJUDGE_3P,6,0,1075,624,231,43,0,255,255,255,255,1,0,0,0,-1,247,0,0,0,,
#DST_NOWJUDGE_3P,6,100,1075,624,231,43,0,255,255,255,255,1,0,0,0,,,,,,,
#DST_NOWJUDGE_3P,6,250,1075,624,231,43,0,0,255,255,255,1,0,0,0,,,,,,,
#SRC_NOWCOMBO_1P,3,20,0,0,380,42,10,1,0,446,0,1,5,,,,,,,,,
#DST_NOWCOMBO_1P,3,0,115,47,38,42,0,255,255,255,255,1,0,0,0,-1,446,0,0,0,,
#DST_NOWCOMBO_1P,3,100,115,47,38,42,0,255,255,255,255,1,0,0,0,,,,,,,
#DST_NOWCOMBO_1P,3,250,115,47,38,42,0,0,255,255,255,1,0,0,0,,,,,,,
#SRC_NOWCOMBO_1P,4,20,0,0,380,42,10,1,0,446,0,1,5,,,,,,,,,
#DST_NOWCOMBO_1P,4,0,115,47,38,42,0,255,255,255,255,1,0,0,0,-1,446,0,0,0,,
#DST_NOWCOMBO_1P,4,100,115,47,38,42,0,255,255,255,255,1,0,0,0,,,,,,,
#DST_NOWCOMBO_1P,4,250,115,47,38,42,0,0,255,255,255,1,0,0,0,,,,,,,
#SRC_NOWCOMBO_1P,5,20,0,0,380,42,10,1,0,446,0,1,5,,,,,,,,,
#DST_NOWCOMBO_1P,5,0,115,47,38,42,0,255,255,255,255,1,0,0,0,-1,446,0,0,0,,
#DST_NOWCOMBO_1P,5,100,115,47,38,42,0,255,255,255,255,1,0,0,0,,,,,,,
#DST_NOWCOMBO_1P,5,250,115,47,38,42,0,0,255,255,255,1,0,0,0,,,,,,,
#SRC_NOWCOMBO_1P,6,20,0,0,380,42,10,1,0,446,0,1,5,,,,,,,,,
#DST_NOWCOMBO_1P,6,0,115,47,38,42,0,255,255,255,255,1,0,0,0,-1,446,0,0,0,,
#DST_NOWCOMBO_1P,6,100,115,47,38,42,0,255,255,255,255,1,0,0,0,,,,,,,
#DST_NOWCOMBO_1P,6,250,115,47,38,42,0,0,255,255,255,1,0,0,0,,,,,,,
#SRC_NOWCOMBO_2P,3,20,0,0,380,42,10,1,0,447,0,1,5,,,,,,,,,
#DST_NOWCOMBO_2P,3,0,115,47,38,42,0,255,255,255,255,1,0,0,0,-1,447,0,0,0,,
#DST_NOWCOMBO_2P,3,100,115,47,38,42,0,255,255,255,255,1,0,0,0,,,,,,,
#DST_NOWCOMBO_2P,3,250,115,47,38,42,0,0,255,255,255,1,0,0,0,,,,,,,
#SRC_NOWCOMBO_2P,4,20,0,0,380,42,10,1,0,447,0,1,5,,,,,,,,,
#DST_NOWCOMBO_2P,4,0,115,47,38,42,0,255,255,255,255,1,0,0,0,-1,447,0,0,0,,
#DST_NOWCOMBO_2P,4,100,115,47,38,42,0,255,255,255,255,1,0,0,0,,,,,,,
#DST_NOWCOMBO_2P,4,250,115,47,38,42,0,0,255,255,255,1,0,0,0,,,,,,,
#SRC_NOWCOMBO_2P,5,20,0,0,380,42,10,1,0,447,0,1,5,,,,,,,,,
#DST_NOWCOMBO_2P,5,0,115,47,38,42,0,255,255,255,255,1,0,0,0,-1,447,0,0,0,,
#DST_NOWCOMBO_2P,5,100,115,47,38,42,0,255,255,255,255,1,0,0,0,,,,,,,
#DST_NOWCOMBO_2P,5,250,115,47,38,42,0,0,255,255,255,1,0,0,0,,,,,,,
#SRC_NOWCOMBO_2P,6,20,0,0,380,42,10,1,0,447,0,1,5,,,,,,,,,
#DST_NOWCOMBO_2P,6,0,115,47,38,42,0,255,255,255,255,1,0,0,0,-1,447,0,0,0,,
#DST_NOWCOMBO_2P,6,100,115,47,38,42,0,255,255,255,255,1,0,0,0,,,,,,,
#DST_NOWCOMBO_2P,6,250,115,47,38,42,0,0,255,255,255,1,0,0,0,,,,,,,
#SRC_NOWCOMBO_3P,3,20,0,0,380,42,10,1,0,448,0,1,5,,,,,,,,,
#DST_NOWCOMBO_3P,3,0,115,47,38,42,0,255,255,255,255,1,0,0,0,-1,448,0,0,0,,
#DST_NOWCOMBO_3P,3,100,115,47,38,42,0,255,255,255,255,1,0,0,0,,,,,,,
#DST_NOWCOMBO_3P,3,250,115,47,38,42,0,0,255,255,255,1,0,0,0,,,,,,,
#SRC_NOWCOMBO_3P,4,20,0,0,380,42,10,1,0,448,0,1,5,,,,,,,,,
#DST_NOWCOMBO_3P,4,0,115,47,38,42,0,255,255,255,255,1,0,0,0,-1,448,0,0,0,,
#DST_NOWCOMBO_3P,4,100,115,47,38,42,0,255,255,255,255,1,0,0,0,,,,,,,
#DST_NOWCOMBO_3P,4,250,115,47,38,42,0,0,255,255,255,1,0,0,0,,,,,,,
#SRC_NOWCOMBO_3P,5,20,0,0,380,42,10,1,0,448,0,1,5,,,,,,,,,
#DST_NOWCOMBO_3P,5,0,115,47,38,42,0,255,255,255,255,1,0,0,0,-1,448,0,0,0,,
#DST_NOWCOMBO_3P,5,100,115,47,38,42,0,255,255,255,255,1,0,0,0,,,,,,,
#DST_NOWCOMBO_3P,5,250,115,47,38,42,0,0,255,255,255,1,0,0,0,,,,,,,
#SRC_NOWCOMBO_3P,6,20,0,0,380,42,10,1,0,448,0,1,5,,,,,,,,,
#DST_NOWCOMBO_3P,6,0,115,47,38,42,0,255,255,255,255,1,0,0,0,-1,448,0,0,0,,
#DST_NOWCOMBO_3P,6,100,115,47,38,42,0,255,255,255,255,1,0,0,0,,,,,,,
#DST_NOWCOMBO_3P,6,250,115,47,38,42,0,0,255,255,255,1,0,0,0,,,,,,,
#ELSEIF,939,,,,,,,,,,,,,,,,,,,,,
#SRC_NOWJUDGE_1P,0,30,0,215,231,43,1,1,0,46,1,0,0,,,,,,,,,
#DST_NOWJUDGE_1P,0,0,612,624,231,43,0,255,255,255,255,1,0,0,0,-1,46,0,0,0,,
#DST_NOWJUDGE_1P,0,100,612,624,231,43,0,255,255,255,255,1,0,0,0,,,,,,,
#DST_NOWJUDGE_1P,0,250,612,624,231,43,0,0,255,255,255,1,0,0,0,,,,,,,
#SRC_NOWJUDGE_1P,1,30,0,215,231,43,1,1,0,46,1,0,0,,,,,,,,,
#DST_NOWJUDGE_1P,1,0,612,624,231,43,0,255,255,255,255,1,0,0,0,-1,46,0,0,0,,
#DST_NOWJUDGE_1P,1,100,612,624,231,43,0,255,255,255,255,1,0,0,0,,,,,,,
#DST_NOWJUDGE_1P,1,250,612,624,231,43,0,0,255,255,255,1,0,0,0,,,,,,,
#SRC_NOWJUDGE_1P,2,30,0,172,231,43,1,1,0,46,1,0,0,,,,,,,,,
#DST_NOWJUDGE_1P,2,0,612,624,231,43,0,255,255,255,255,1,0,0,0,-1,46,0,0,0,,
#DST_NOWJUDGE_1P,2,100,612,624,231,43,0,255,255,255,255,1,0,0,0,,,,,,,
#DST_NOWJUDGE_1P,2,250,612,624,231,43,0,0,255,255,255,1,0,0,0,,,,,,,
#SRC_NOWJUDGE_1P,3,30,0,129,231,43,1,1,0,46,1,0,0,,,,,,,,,
#DST_NOWJUDGE_1P,3,0,612,624,231,43,0,0,255,255,255,1,0,0,0,-1,46,0,0,0,,
#DST_NOWJUDGE_1P,3,100,612,624,231,43,0,0,255,255,255,1,0,0,0,,,,,,,
#DST_NOWJUDGE_1P,3,250,612,624,231,43,0,0,255,255,255,1,0,0,0,,,,,,,
#SRC_NOWJUDGE_1P,4,30,0,86,231,43,1,1,0,46,1,0,0,,,,,,,,,
#DST_NOWJUDGE_1P,4,0,612,624,231,43,0,0,255,255,255,1,0,0,0,-1,46,0,0,0,,
#DST_NOWJUDGE_1P,4,100,612,624,231,43,0,0,255,255,255,1,0,0,0,,,,,,,
#DST_NOWJUDGE_1P,4,250,612,624,231,43,0,0,255,255,255,1,0,0,0,,,,,,,
#SRC_NOWJUDGE_1P,5,30,0,43,231,43,1,1,0,46,1,0,0,,,,,,,,,
#DST_NOWJUDGE_1P,5,0,612,624,231,43,0,0,255,255,255,1,0,0,0,-1,46,0,0,0,,
#DST_NOWJUDGE_1P,5,100,612,624,231,43,0,0,255,255,255,1,0,0,0,,,,,,,
#DST_NOWJUDGE_1P,5,250,612,624,231,43,0,0,255,255,255,1,0,0,0,,,,,,,
#SRC_NOWJUDGE_1P,6,30,0,0,231,43,1,1,0,46,1,0,0,,,,,,,,,
#DST_NOWJUDGE_1P,6,0,612,624,231,43,0,0,255,255,255,1,0,0,0,-1,46,0,0,0,,
#DST_NOWJUDGE_1P,6,100,612,624,231,43,0,0,255,255,255,1,0,0,0,,,,,,,
#DST_NOWJUDGE_1P,6,250,612,624,231,43,0,0,255,255,255,1,0,0,0,,,,,,,
#SRC_NOWJUDGE_2P,0,30,0,215,231,43,1,1,0,47,1,0,0,,,,,,,,,
#DST_NOWJUDGE_2P,0,0,844,624,231,43,0,255,255,255,255,1,0,0,0,-1,47,0,0,0,,
#DST_NOWJUDGE_2P,0,100,844,624,231,43,0,255,255,255,255,1,0,0,0,,,,,,,
#DST_NOWJUDGE_2P,0,250,844,624,231,43,0,0,255,255,255,1,0,0,0,,,,,,,
#SRC_NOWJUDGE_2P,1,30,0,215,231,43,1,1,0,47,1,0,0,,,,,,,,,
#DST_NOWJUDGE_2P,1,0,844,624,231,43,0,255,255,255,255,1,0,0,0,-1,47,0,0,0,,
#DST_NOWJUDGE_2P,1,100,844,624,231,43,0,255,255,255,255,1,0,0,0,,,,,,,
#DST_NOWJUDGE_2P,1,250,844,624,231,43,0,0,255,255,255,1,0,0,0,,,,,,,
#SRC_NOWJUDGE_2P,2,30,0,172,231,43,1,1,0,47,1,0,0,,,,,,,,,
#DST_NOWJUDGE_2P,2,0,844,624,231,43,0,255,255,255,255,1,0,0,0,-1,47,0,0,0,,
#DST_NOWJUDGE_2P,2,100,844,624,231,43,0,255,255,255,255,1,0,0,0,,,,,,,
#DST_NOWJUDGE_2P,2,250,844,624,231,43,0,0,255,255,255,1,0,0,0,,,,,,,
#SRC_NOWJUDGE_2P,3,30,0,129,231,43,1,1,0,47,1,0,0,,,,,,,,,
#DST_NOWJUDGE_2P,3,0,844,624,231,43,0,0,255,255,255,1,0,0,0,-1,47,0,0,0,,
#DST_NOWJUDGE_2P,3,100,844,624,231,43,0,0,255,255,255,1,0,0,0,,,,,,,
#DST_NOWJUDGE_2P,3,250,844,624,231,43,0,0,255,255,255,1,0,0,0,,,,,,,
#SRC_NOWJUDGE_2P,4,30,0,86,231,43,1,1,0,47,1,0,0,,,,,,,,,
#DST_NOWJUDGE_2P,4,0,844,624,231,43,0,0,255,255,255,1,0,0,0,-1,47,0,0,0,,
#DST_NOWJUDGE_2P,4,100,844,624,231,43,0,0,255,255,255,1,0,0,0,,,,,,,
#DST_NOWJUDGE_2P,4,250,844,624,231,43,0,0,255,255,255,1,0,0,0,,,,,,,
#SRC_NOWJUDGE_2P,5,30,0,43,231,43,1,1,0,47,1,0,0,,,,,,,,,
#DST_NOWJUDGE_2P,5,0,844,624,231,43,0,0,255,255,255,1,0,0,0,-1,47,0,0,0,,
#DST_NOWJUDGE_2P,5,100,844,624,231,43,0,0,255,255,255,1,0,0,0,,,,,,,
#DST_NOWJUDGE_2P,5,250,844,624,231,43,0,0,255,255,255,1,0,0,0,,,,,,,
#SRC_NOWJUDGE_2P,6,30,0,0,231,43,1,1,0,47,1,0,0,,,,,,,,,
#DST_NOWJUDGE_2P,6,0,844,624,231,43,0,0,255,255,255,1,0,0,0,-1,47,0,0,0,,
#DST_NOWJUDGE_2P,6,100,844,624,231,43,0,0,255,255,255,1,0,0,0,,,,,,,
#DST_NOWJUDGE_2P,6,250,844,624,231,43,0,0,255,255,255,1,0,0,0,,,,,,,
#SRC_NOWJUDGE_3P,0,30,0,215,231,43,1,1,0,247,1,0,0,,,,,,,,,
#DST_NOWJUDGE_3P,0,0,1075,624,231,43,0,255,255,255,255,1,0,0,0,-1,247,0,0,0,,
#DST_NOWJUDGE_3P,0,100,1075,624,231,43,0,255,255,255,255,1,0,0,0,,,,,,,
#DST_NOWJUDGE_3P,0,250,1075,624,231,43,0,0,255,255,255,1,0,0,0,,,,,,,
#SRC_NOWJUDGE_3P,1,30,0,215,231,43,1,1,0,247,1,0,0,,,,,,,,,
#DST_NOWJUDGE_3P,1,0,1075,624,231,43,0,255,255,255,255,1,0,0,0,-1,247,0,0,0,,
#DST_NOWJUDGE_3P,1,100,1075,624,231,43,0,255,255,255,255,1,0,0,0,,,,,,,
#DST_NOWJUDGE_3P,1,250,1075,624,231,43,0,0,255,255,255,1,0,0,0,,,,,,,
#SRC_NOWJUDGE_3P,2,30,0,172,231,43,1,1,0,247,1,0,0,,,,,,,,,
#DST_NOWJUDGE_3P,2,0,1075,624,231,43,0,255,255,255,255,1,0,0,0,-1,247,0,0,0,,
#DST_NOWJUDGE_3P,2,100,1075,624,231,43,0,255,255,255,255,1,0,0,0,,,,,,,
#DST_NOWJUDGE_3P,2,250,1075,624,231,43,0,0,255,255,255,1,0,0,0,,,,,,,
#SRC_NOWJUDGE_3P,3,30,0,129,231,43,1,1,0,247,1,0,0,,,,,,,,,
#DST_NOWJUDGE_3P,3,0,1075,624,231,43,0,0,255,255,255,1,0,0,0,-1,247,0,0,0,,
#DST_NOWJUDGE_3P,3,100,1075,624,231,43,0,0,255,255,255,1,0,0,0,,,,,,,
#DST_NOWJUDGE_3P,3,250,1075,624,231,43,0,0,255,255,255,1,0,0,0,,,,,,,
#SRC_NOWJUDGE_3P,4,30,0,86,231,43,1,1,0,247,1,0,0,,,,,,,,,
#DST_NOWJUDGE_3P,4,0,1075,624,231,43,0,0,255,255,255,1,0,0,0,-1,247,0,0,0,,
#DST_NOWJUDGE_3P,4,100,1075,624,231,43,0,0,255,255,255,1,0,0,0,,,,,,,
#DST_NOWJUDGE_3P,4,250,1075,624,231,43,0,0,255,255,255,1,0,0,0,,,,,,,
#SRC_NOWJUDGE_3P,5,30,0,43,231,43,1,1,0,247,1,0,0,,,,,,,,,
#DST_NOWJUDGE_3P,5,0,1075,624,231,43,0,0,255,255,255,1,0,0,0,-1,247,0,0,0,,
#DST_NOWJUDGE_3P,5,100,1075,624,231,43,0,0,255,255,255,1,0,0,0,,,,,,,
#DST_NOWJUDGE_3P,5,250,1075,624,231,43,0,0,255,255,255,1,0,0,0,,,,,,,
#SRC_NOWJUDGE_3P,6,30,0,0,231,43,1,1,0,247,1,0,0,,,,,,,,,
#DST_NOWJUDGE_3P,6,0,1075,624,231,43,0,0,255,255,255,1,0,0,0,-1,247,0,0,0,,
#DST_NOWJUDGE_3P,6,100,1075,624,231,43,0,0,255,255,255,1,0,0,0,,,,,,,
#DST_NOWJUDGE_3P,6,250,1075,624,231,43,0,0,255,255,255,1,0,0,0,,,,,,,
#SRC_NOWCOMBO_1P,3,20,0,0,380,42,10,1,0,446,0,1,5,,,,,,,,,
#DST_NOWCOMBO_1P,3,0,115,47,38,42,0,0,255,255,255,1,0,0,0,-1,446,0,0,0,,
#DST_NOWCOMBO_1P,3,100,115,47,38,42,0,0,255,255,255,1,0,0,0,,,,,,,
#DST_NOWCOMBO_1P,3,250,115,47,38,42,0,0,255,255,255,1,0,0,0,,,,,,,
#SRC_NOWCOMBO_1P,4,20,0,0,380,42,10,1,0,446,0,1,5,,,,,,,,,
#DST_NOWCOMBO_1P,4,0,115,47,38,42,0,0,255,255,255,1,0,0,0,-1,446,0,0,0,,
#DST_NOWCOMBO_1P,4,100,115,47,38,42,0,0,255,255,255,1,0,0,0,,,,,,,
#DST_NOWCOMBO_1P,4,250,115,47,38,42,0,0,255,255,255,1,0,0,0,,,,,,,
#SRC_NOWCOMBO_1P,5,20,0,0,380,42,10,1,0,446,0,1,5,,,,,,,,,
#DST_NOWCOMBO_1P,5,0,115,47,38,42,0,0,255,255,255,1,0,0,0,-1,446,0,0,0,,
#DST_NOWCOMBO_1P,5,100,115,47,38,42,0,0,255,255,255,1,0,0,0,,,,,,,
#DST_NOWCOMBO_1P,5,250,115,47,38,42,0,0,255,255,255,1,0,0,0,,,,,,,
#SRC_NOWCOMBO_1P,6,20,0,0,380,42,10,1,0,446,0,1,5,,,,,,,,,
#DST_NOWCOMBO_1P,6,0,115,47,38,42,0,0,255,255,255,1,0,0,0,-1,446,0,0,0,,
#DST_NOWCOMBO_1P,6,100,115,47,38,42,0,0,255,255,255,1,0,0,0,,,,,,,
#DST_NOWCOMBO_1P,6,250,115,47,38,42,0,0,255,255,255,1,0,0,0,,,,,,,
#SRC_NOWCOMBO_2P,3,20,0,0,380,42,10,1,0,447,0,1,5,,,,,,,,,
#DST_NOWCOMBO_2P,3,0,115,47,38,42,0,0,255,255,255,1,0,0,0,-1,447,0,0,0,,
#DST_NOWCOMBO_2P,3,100,115,47,38,42,0,0,255,255,255,1,0,0,0,,,,,,,
#DST_NOWCOMBO_2P,3,250,115,47,38,42,0,0,255,255,255,1,0,0,0,,,,,,,
#SRC_NOWCOMBO_2P,4,20,0,0,380,42,10,1,0,447,0,1,5,,,,,,,,,
#DST_NOWCOMBO_2P,4,0,115,47,38,42,0,0,255,255,255,1,0,0,0,-1,447,0,0,0,,
#DST_NOWCOMBO_2P,4,100,115,47,38,42,0,0,255,255,255,1,0,0,0,,,,,,,
#DST_NOWCOMBO_2P,4,250,115,47,38,42,0,0,255,255,255,1,0,0,0,,,,,,,
#SRC_NOWCOMBO_2P,5,20,0,0,380,42,10,1,0,447,0,1,5,,,,,,,,,
#DST_NOWCOMBO_2P,5,0,115,47,38,42,0,0,255,255,255,1,0,0,0,-1,447,0,0,0,,
#DST_NOWCOMBO_2P,5,100,115,47,38,42,0,0,255,255,255,1,0,0,0,,,,,,,
#DST_NOWCOMBO_2P,5,250,115,47,38,42,0,0,255,255,255,1,0,0,0,,,,,,,
#SRC_NOWCOMBO_2P,6,20,0,0,380,42,10,1,0,447,0,1,5,,,,,,,,,
#DST_NOWCOMBO_2P,6,0,115,47,38,42,0,0,255,255,255,1,0,0,0,-1,447,0,0,0,,
#DST_NOWCOMBO_2P,6,100,115,47,38,42,0,0,255,255,255,1,0,0,0,,,,,,,
#DST_NOWCOMBO_2P,6,250,115,47,38,42,0,0,255,255,255,1,0,0,0,,,,,,,
#SRC_NOWCOMBO_3P,3,20,0,0,380,42,10,1,0,448,0,1,5,,,,,,,,,
#DST_NOWCOMBO_3P,3,0,115,47,38,42,0,0,255,255,255,1,0,0,0,-1,448,0,0,0,,
#DST_NOWCOMBO_3P,3,100,115,47,38,42,0,0,255,255,255,1,0,0,0,,,,,,,
#DST_NOWCOMBO_3P,3,250,115,47,38,42,0,0,255,255,255,1,0,0,0,,,,,,,
#SRC_NOWCOMBO_3P,4,20,0,0,380,42,10,1,0,448,0,1,5,,,,,,,,,
#DST_NOWCOMBO_3P,4,0,115,47,38,42,0,0,255,255,255,1,0,0,0,-1,448,0,0,0,,
#DST_NOWCOMBO_3P,4,100,115,47,38,42,0,0,255,255,255,1,0,0,0,,,,,,,
#DST_NOWCOMBO_3P,4,250,115,47,38,42,0,0,255,255,255,1,0,0,0,,,,,,,
#SRC_NOWCOMBO_3P,5,20,0,0,380,42,10,1,0,448,0,1,5,,,,,,,,,
#DST_NOWCOMBO_3P,5,0,115,47,38,42,0,0,255,255,255,1,0,0,0,-1,448,0,0,0,,
#DST_NOWCOMBO_3P,5,100,115,47,38,42,0,0,255,255,255,1,0,0,0,,,,,,,
#DST_NOWCOMBO_3P,5,250,115,47,38,42,0,0,255,255,255,1,0,0,0,,,,,,,
#SRC_NOWCOMBO_3P,6,20,0,0,380,42,10,1,0,448,0,1,5,,,,,,,,,
#DST_NOWCOMBO_3P,6,0,115,47,38,42,0,0,255,255,255,1,0,0,0,-1,448,0,0,0,,
#DST_NOWCOMBO_3P,6,100,115,47,38,42,0,0,255,255,255,1,0,0,0,,,,,,,
#DST_NOWCOMBO_3P,6,250,115,47,38,42,0,0,255,255,255,1,0,0,0,,,,,,,
#ENDIF,,,,,,,,,,,,,,,,,,,,,,
#SRC_IMAGE,0,31,0,0,101,33,1,1,0,46,0,0,0,,,,,,,,,
#DST_IMAGE,0,0,679,565,101,33,0,255,255,255,255,1,0,0,0,-1,46,1242,928,0,3,33
#DST_IMAGE,0,100,679,565,101,33,0,255,255,255,255,1,0,0,0,,,,,,,
#DST_IMAGE,0,250,679,565,101,33,0,0,255,255,255,1,0,0,0,,,,,,,
#SRC_IMAGE,0,31,0,0,101,33,1,1,0,47,0,0,0,,,,,,,,,
#DST_IMAGE,0,0,910,565,101,33,0,255,255,255,255,1,0,0,0,-1,47,1262,928,0,3,33
#DST_IMAGE,0,100,910,565,101,33,0,255,255,255,255,1,0,0,0,,,,,,,
#DST_IMAGE,0,250,910,565,101,33,0,0,255,255,255,1,0,0,0,,,,,,,
#SRC_IMAGE,0,31,0,0,101,33,1,1,0,247,0,0,0,,,,,,,,,
#DST_IMAGE,0,0,1141,565,101,33,0,0,255,255,255,1,0,0,0,-1,247,1362,928,0,3,33
#DST_IMAGE,0,100,1141,565,101,33,0,255,255,255,255,1,0,0,0,,,,,,,
#DST_IMAGE,0,250,1141,565,101,33,0,255,255,255,255,1,0,0,0,,,,,,,
#SRC_IMAGE,0,31,105,0,108,33,1,1,0,46,0,0,0,,,,,,,,,
#DST_IMAGE,0,0,675,565,108,33,0,255,255,255,255,1,0,0,0,-1,46,1243,928,0,3,33
#DST_IMAGE,0,100,675,565,108,33,0,255,255,255,255,1,0,0,0,,,,,,,
#DST_IMAGE,0,250,675,565,108,33,0,0,255,255,255,1,0,0,0,,,,,,,
#SRC_IMAGE,0,31,105,0,108,33,1,1,0,47,0,0,0,,,,,,,,,
#DST_IMAGE,0,0,906,565,108,33,0,255,255,255,255,1,0,0,0,-1,47,1263,928,0,3,33
#DST_IMAGE,0,100,906,565,108,33,0,255,255,255,255,1,0,0,0,,,,,,,
#DST_IMAGE,0,250,906,565,108,33,0,0,255,255,255,1,0,0,0,,,,,,,
#SRC_IMAGE,0,31,105,0,108,33,1,1,0,247,0,0,0,,,,,,,,,
#DST_IMAGE,0,0,1137,565,108,33,0,255,255,255,255,1,0,0,0,-1,247,1363,928,0,3,33
#DST_IMAGE,0,100,1137,565,108,33,0,255,255,255,255,1,0,0,0,,,,,,,
#DST_IMAGE,0,250,1137,565,108,33,0,0,255,255,255,1,0,0,0,,,,,,,
#SRC_IMAGE,0,29,0,0,702,820,1,1,0,48,0,0,0,,,,,,,,,
#DST_IMAGE,0,0,609,820,702,0,0,255,255,255,255,2,0,0,0,-1,48,!2243,0,0,,
#DST_IMAGE,0,200,609,820,702,-820,0,255,255,255,255,2,0,0,0,,,,,,,
#DST_IMAGE,0,600,609,820,702,-820,0,255,255,255,255,2,0,0,0,,,,,,,
#DST_IMAGE,0,1200,609,820,702,-820,0,0,255,255,255,2,0,0,0,,,,,,,
#SRC_IMAGE,0,29,0,830,120,122,1,1,0,48,0,0,0,,,,,,,,,
#DST_IMAGE,0,200,1020,437,0,0,0,255,255,255,255,0,0,0,0,500,48,!2243,0,0,,
#DST_IMAGE,0,300,900,376,120,122,0,255,255,255,255,0,0,0,0,,,,,,,
#DST_IMAGE,0,500,600,376,120,122,2,255,255,255,255,0,0,0,0,,,,,,,
#SRC_IMAGE,0,29,120,830,120,122,1,1,0,48,0,0,0,,,,,,,,,
#DST_IMAGE,0,200,1000,437,0,0,0,255,255,255,255,0,0,0,0,500,48,!2243,0,0,,
#DST_IMAGE,0,300,900,376,120,122,0,255,255,255,255,0,0,0,0,,,,,,,
#DST_IMAGE,0,500,700,376,120,122,2,255,255,255,255,0,0,0,0,,,,,,,
#SRC_IMAGE,0,29,240,830,120,122,1,1,0,48,0,0,0,,,,,,,,,
#DST_IMAGE,0,200,980,437,0,0,0,255,255,255,255,0,0,0,0,500,48,!2243,0,0,,
#DST_IMAGE,0,300,900,376,120,122,0,255,255,255,255,0,0,0,0,,,,,,,
#DST_IMAGE,0,500,800,376,120,122,2,255,255,255,255,0,0,0,0,,,,,,,
#SRC_IMAGE,0,29,360,830,120,122,1,1,0,48,0,0,0,,,,,,,,,
#DST_IMAGE,0,200,960,437,0,0,0,255,255,255,255,0,0,0,0,500,48,!2243,0,0,,
#DST_IMAGE,0,300,900,376,120,122,0,255,255,255,255,0,0,0,0,,,,,,,
#DST_IMAGE,0,500,900,376,120,122,2,255,255,255,255,0,0,0,0,,,,,,,
#SRC_IMAGE,0,29,480,830,120,122,1,1,0,48,0,0,0,,,,,,,,,
#DST_IMAGE,0,200,940,437,0,0,0,255,255,255,255,0,0,0,0,500,48,!2243,0,0,,
#DST_IMAGE,0,300,900,376,120,122,0,255,255,255,255,0,0,0,0,,,,,,,
#DST_IMAGE,0,500,1000,376,120,122,2,255,255,255,255,0,0,0,0,,,,,,,
#SRC_IMAGE,0,29,600,830,120,122,1,1,0,48,0,0,0,,,,,,,,,
#DST_IMAGE,0,200,920,437,0,0,0,255,255,255,255,0,0,0,0,500,48,!2243,0,0,,
#DST_IMAGE,0,300,900,376,120,122,0,255,255,255,255,0,0,0,0,,,,,,,
#DST_IMAGE,0,500,1100,376,120,122,2,255,255,255,255,0,0,0,0,,,,,,,
#SRC_IMAGE,0,29,720,830,120,122,1,1,0,48,0,0,0,,,,,,,,,
#DST_IMAGE,0,200,900,437,0,0,0,255,255,255,255,0,0,0,0,500,48,!2243,0,0,,
#DST_IMAGE,0,300,900,376,120,122,0,255,255,255,255,0,0,0,0,,,,,,,
#DST_IMAGE,0,500,1200,376,120,122,2,255,255,255,255,0,0,0,0,,,,,,,
#SRC_IMAGE,0,29,840,0,702,820,1,1,0,48,0,0,0,,,,,,,,,
#DST_IMAGE,0,0,609,820,702,0,0,255,255,255,255,2,0,0,0,-1,48,2243,0,0,,
#DST_IMAGE,0,200,609,820,702,-820,0,255,255,255,255,2,0,0,0,,,,,,,
#DST_IMAGE,0,600,609,820,702,-820,0,255,255,255,255,2,0,0,0,,,,,,,
#DST_IMAGE,0,1200,609,820,702,-820,0,0,255,255,255,2,0,0,0,,,,,,,
#SRC_IMAGE,0,29,840,830,120,122,1,1,0,48,0,0,0,,,,,,,,,
#DST_IMAGE,0,200,990,366,0,0,0,255,255,255,255,0,0,0,0,500,48,2243,0,0,,
#DST_IMAGE,0,300,900,305,120,122,0,255,255,255,255,0,0,0,0,,,,,,,
#DST_IMAGE,0,500,750,305,120,122,2,255,255,255,255,0,0,0,0,,,,,,,
#SRC_IMAGE,0,29,960,830,120,122,1,1,0,48,0,0,0,,,,,,,,,
#DST_IMAGE,0,200,970,366,0,0,0,255,255,255,255,0,0,0,0,500,48,2243,0,0,,
#DST_IMAGE,0,300,900,305,120,122,0,255,255,255,255,0,0,0,0,,,,,,,
#DST_IMAGE,0,500,850,305,120,122,2,255,255,255,255,0,0,0,0,,,,,,,
#SRC_IMAGE,0,29,1080,830,120,122,1,1,0,48,0,0,0,,,,,,,,,
#DST_IMAGE,0,200,950,366,0,0,0,255,255,255,255,0,0,0,0,500,48,2243,0,0,,
#DST_IMAGE,0,300,900,305,120,122,0,255,255,255,255,0,0,0,0,,,,,,,
#DST_IMAGE,0,500,950,305,120,122,2,255,255,255,255,0,0,0,0,,,,,,,
#SRC_IMAGE,0,29,1080,830,120,122,1,1,0,48,0,0,0,,,,,,,,,
#DST_IMAGE,0,200,930,366,0,0,0,255,255,255,255,0,0,0,0,500,48,2243,0,0,,
#DST_IMAGE,0,300,900,305,120,122,0,255,255,255,255,0,0,0,0,,,,,,,
#DST_IMAGE,0,500,1050,305,120,122,2,255,255,255,255,0,0,0,0,,,,,,,
#SRC_IMAGE,0,29,840,952,120,122,1,1,0,48,0,0,0,,,,,,,,,
#DST_IMAGE,0,200,1020,508,0,0,0,255,255,255,255,0,0,0,0,500,48,2243,0,0,,
#DST_IMAGE,0,300,900,447,120,122,0,255,255,255,255,0,0,0,0,,,,,,,
#DST_IMAGE,0,500,650,447,120,122,2,255,255,255,255,0,0,0,0,,,,,,,
#SRC_IMAGE,0,29,960,952,120,122,1,1,0,48,0,0,0,,,,,,,,,
#DST_IMAGE,0,200,1000,508,0,0,0,255,255,255,255,0,0,0,0,500,48,2243,0,0,,
#DST_IMAGE,0,300,900,447,120,122,0,255,255,255,255,0,0,0,0,,,,,,,
#DST_IMAGE,0,500,750,447,120,122,2,255,255,255,255,0,0,0,0,,,,,,,
#SRC_IMAGE,0,29,1080,952,140,122,1,1,0,48,0,0,0,,,,,,,,,
#DST_IMAGE,0,200,980,508,0,0,0,255,255,255,255,0,0,0,0,500,48,2243,0,0,,
#DST_IMAGE,0,300,900,447,140,122,0,255,255,255,255,0,0,0,0,,,,,,,
#DST_IMAGE,0,500,850,447,140,122,2,255,255,255,255,0,0,0,0,,,,,,,
#SRC_IMAGE,0,29,1220,952,120,122,1,1,0,48,0,0,0,,,,,,,,,
#DST_IMAGE,0,200,960,508,0,0,0,255,255,255,255,0,0,0,0,500,48,2243,0,0,,
#DST_IMAGE,0,300,900,447,120,122,0,255,255,255,255,0,0,0,0,,,,,,,
#DST_IMAGE,0,500,970,447,120,122,2,255,255,255,255,0,0,0,0,,,,,,,
#SRC_IMAGE,0,29,960,952,120,122,1,1,0,48,0,0,0,,,,,,,,,
#DST_IMAGE,0,200,940,508,0,0,0,255,255,255,255,0,0,0,0,500,48,2243,0,0,,
#DST_IMAGE,0,300,900,447,120,122,0,255,255,255,255,0,0,0,0,,,,,,,
#DST_IMAGE,0,500,1070,447,120,122,2,255,255,255,255,0,0,0,0,,,,,,,
#SRC_IMAGE,0,29,1340,952,120,122,1,1,0,48,0,0,0,,,,,,,,,
#DST_IMAGE,0,200,920,508,0,0,0,255,255,255,255,0,0,0,0,500,48,2243,0,0,,
#DST_IMAGE,0,300,900,447,120,122,0,255,255,255,255,0,0,0,0,,,,,,,
#DST_IMAGE,0,500,1140,447,120,122,2,255,255,255,255,0,0,0,0,,,,,,,
#SRC_IMAGE,0,29,1340,952,120,122,1,1,0,48,0,0,0,,,,,,,,,
#DST_IMAGE,0,200,900,508,0,0,0,255,255,255,255,0,0,0,0,500,48,2243,0,0,,
#DST_IMAGE,0,300,900,447,120,122,0,255,255,255,255,0,0,0,0,,,,,,,
#DST_IMAGE,0,500,1190,447,120,122,2,255,255,255,255,0,0,0,0,,,,,,,
#SRC_IMAGE,0,100,0,0,-1,-1,1,1,0,0,0,0,0,,,,,,,,,
#DST_IMAGE,0,0,640,250,640,480,0,0,255,255,255,1,1,0,0,500,0,!270,80,191,,
#DST_IMAGE,0,500,640,250,640,480,0,200,255,255,255,1,1,0,0,,,,,,,
#SRC_IMAGE,0,110,0,0,1,1,1,1,0,0,0,0,0,,,,,,,,,
#DST_IMAGE,0,0,639,749,642,26,0,0,255,255,255,1,1,0,0,500,0,!270,80,0,,
#DST_IMAGE,0,500,639,749,642,26,0,255,255,255,255,1,1,0,0,,,,,,,
#SRC_BARGRAPH,0,34,0,20,640,24,1,1,0,0,2,0,0,,,,,,,,,
#DST_BARGRAPH,0,0,640,750,640,24,0,0,255,255,255,1,0,0,0,500,0,!270,80,0,,
#DST_BARGRAPH,0,500,640,750,640,24,0,255,255,255,255,1,0,0,0,,,,,,,
#SRC_NUMBER,0,34,0,0,150,18,10,1,0,0,165,0,3,,,,,,,,,
#DST_NUMBER,0,0,930,753,15,18,0,0,255,255,255,1,0,0,0,500,0,!270,80,0,,
#DST_NUMBER,0,500,930,753,15,18,0,255,255,255,255,1,0,0,0,,,,,,,
#SRC_IMAGE,0,34,150,0,15,18,1,1,0,0,0,0,0,,,,,,,,,
#DST_IMAGE,0,0,975,753,15,18,0,0,255,255,255,1,0,0,0,500,0,!270,80,0,,
#DST_IMAGE,0,500,975,753,15,18,0,255,255,255,255,1,0,0,0,,,,,,,
#SRC_IMAGE,0,110,0,0,1,1,1,1,0,0,0,0,0,,,,,,,,,
#DST_IMAGE,0,0,639,749,642,26,0,0,255,255,255,1,1,0,0,500,0,270,80,0,,
#DST_IMAGE,0,500,639,749,642,26,0,255,255,255,255,1,1,0,0,,,,,,,
#SRC_BARGRAPH,0,34,0,20,640,24,1,1,0,0,2,0,0,,,,,,,,,
#DST_BARGRAPH,0,0,640,750,640,24,0,0,255,0,0,1,0,0,0,500,0,270,80,0,,
#DST_BARGRAPH,0,500,640,750,640,24,0,100,255,0,0,1,0,0,0,,,,,,,
#SRC_NUMBER,0,34,0,0,150,18,10,1,0,0,165,0,3,,,,,,,,,
#DST_NUMBER,0,0,930,753,15,18,0,0,255,255,255,1,0,0,0,500,0,270,80,0,,
#DST_NUMBER,0,500,930,753,15,18,0,100,255,255,255,1,0,0,0,,,,,,,
#SRC_IMAGE,0,34,150,0,15,18,1,1,0,0,0,0,0,,,,,,,,,
#DST_IMAGE,0,0,975,753,15,18,0,0,255,255,255,1,0,0,0,500,0,270,80,0,,
#DST_IMAGE,0,500,975,753,15,18,0,100,255,255,255,1,0,0,0,,,,,,,
#SRC_IMAGE,0,100,0,0,-1,-1,1,1,0,40,0,0,0,,,,,,,,,
#DST_IMAGE,0,0,640,250,640,480,0,200,255,255,255,1,1,0,0,-1,40,!270,81,191,,
#DST_IMAGE,0,500,640,250,640,480,0,0,255,255,255,1,1,0,0,,,,,,,
#SRC_IMAGE,0,110,0,0,1,1,1,1,0,40,0,0,0,,,,,,,,,
#DST_IMAGE,0,0,639,749,642,26,0,255,255,255,255,1,1,0,0,-1,40,!270,81,0,,
#DST_IMAGE,0,500,639,749,642,26,0,0,255,255,255,1,1,0,0,,,,,,,
#SRC_BARGRAPH,0,34,0,20,640,24,1,1,0,40,0,0,0,,,,,,,,,
#DST_BARGRAPH,0,0,640,750,640,24,0,255,255,255,255,1,1,0,0,-1,40,!270,81,0,,
#DST_BARGRAPH,0,500,640,750,640,24,0,0,255,255,255,1,1,0,0,,,,,,,
#SRC_NUMBER,0,34,0,0,150,18,10,1,0,40,0,0,0,,,,,,,,,
#DST_NUMBER,0,0,930,753,15,18,0,255,255,255,255,1,1,0,0,-1,40,!270,81,0,,
#DST_NUMBER,0,500,930,753,15,18,0,0,255,255,255,1,1,0,0,,,,,,,
#SRC_IMAGE,0,34,150,0,15,18,1,1,0,40,0,0,0,,,,,,,,,
#DST_IMAGE,0,0,975,753,15,18,0,255,255,255,255,1,1,0,0,-1,40,!270,81,0,,
#DST_IMAGE,0,500,975,753,15,18,0,0,255,255,255,1,1,0,0,,,,,,,
#SRC_IMAGE,0,35,0,0,300,208,1,1,0,40,0,0,0,,,,,,,,,
#DST_IMAGE,0,500,810,388,0,0,0,255,255,255,255,0,0,0,0,-1,40,0,0,0,,
#DST_IMAGE,0,700,660,284,300,208,0,255,255,255,255,0,0,0,0,,,,,,,
#DST_IMAGE,0,1900,660,284,300,208,0,255,255,255,255,0,0,0,0,,,,,,,
#DST_IMAGE,0,2000,660,388,300,0,0,255,255,255,255,0,0,0,0,,,,,,,
#SRC_IMAGE,0,35,300,0,242,208,1,1,0,40,0,0,0,,,,,,,,,
#DST_IMAGE,0,550,1041,388,0,0,0,255,255,255,255,0,0,0,0,-1,40,0,0,0,,
#DST_IMAGE,0,700,920,284,242,208,0,255,255,255,255,0,0,0,0,,,,,,,
#DST_IMAGE,0,1900,920,284,242,208,0,255,255,255,255,0,0,0,0,,,,,,,
#DST_IMAGE,0,2000,920,388,242,0,0,255,255,255,255,0,0,0,0,,,,,,,
#SRC_IMAGE,0,35,0,204,542,208,1,1,0,40,0,0,0,,,,,,,,,
#DST_IMAGE,0,600,965,534,0,0,0,255,255,255,255,0,0,0,0,-1,40,0,0,0,,
#DST_IMAGE,0,800,694,430,542,208,0,255,255,255,255,0,0,0,0,,,,,,,
#DST_IMAGE,0,1900,694,430,542,208,0,255,255,255,255,0,0,0,0,,,,,,,
#DST_IMAGE,0,2000,694,534,542,0,0,255,255,255,255,0,0,0,0,,,,,,,
#SRC_BGA,0,0,0,0,0,0,0,0,0,0,0,0,0,,,,,,,,,
#DST_BGA,0,0,609,90,702,702,0,255,255,255,255,0,0,0,0,0,0,1080,0,0,,
#INCLUDE,.\LR2files\Theme\LITONE5\Play\csv\common\failed.csv,,,,,,,,,,,,,,,,,,,,,
#SRC_IMAGE,0,110,0,0,1,1,1,1,0,0,0,0,0,,,,,,,,,
#DST_IMAGE,0,0,0,0,1920,1080,0,255,255,255,255,1,0,0,0,-1,0,0,0,0,,
#DST_IMAGE,0,500,0,0,1920,1080,0,0,255,255,255,1,0,0,0,,,,,,,
#SRC_IMAGE,0,110,0,0,1,1,1,1,0,2,0,0,0,,,,,,,,,
#DST_IMAGE,0,0,0,0,1920,1080,0,0,255,255,255,1,0,0,0,500,2,0,0,0,,
#DST_IMAGE,0,500,0,0,1920,1080,0,255,255,255,255,1,0,0,0,,,,,,,
